x,y,length
5.0,5.0,5524400.0
15.0,5.0,5437300.0
25.0,5.0,5132800.0
35.0,5.0,4898400.0
95.0,5.0,4100000.0
85.0,5.0,4139900.0
115.0,5.0,4038900.0
105.0,5.0,4066400.0
55.0,5.0,4451900.0
45.0,5.0,4671500.0
75.0,5.0,4186300.0
65.0,5.0,4239400.0
175.0,5.0,3923400.0
165.0,5.0,3951600.0
195.0,5.0,3883700.0
185.0,5.0,3900900.0
135.0,5.0,4001400.0
125.0,5.0,4017300.0
155.0,5.0,3985900.0
145.0,5.0,3991000.0
265.0,5.0,3043100.0
275.0,5.0,2914600.0
245.0,5.0,3309000.0
255.0,5.0,3174500.0
225.0,5.0,3588100.0
235.0,5.0,3446800.0
205.0,5.0,3882000.0
215.0,5.0,3733100.0
345.0,5.0,2247000.0
355.0,5.0,2244300.0
325.0,5.0,2353500.0
335.0,5.0,2251000.0
305.0,5.0,2563800.0
315.0,5.0,2457700.0
285.0,5.0,2788800.0
295.0,5.0,2672000.0
435.0,5.0,2245500.0
425.0,5.0,2245000.0
415.0,5.0,2244200.0
405.0,5.0,2243300.0
395.0,5.0,2242500.0
385.0,5.0,2242000.0
375.0,5.0,2242000.0
365.0,5.0,2242700.0
515.0,5.0,2322500.0
505.0,5.0,2314100.0
495.0,5.0,2304600.0
485.0,5.0,2294400.0
475.0,5.0,2283900.0
465.0,5.0,2273500.0
455.0,5.0,2263600.0
445.0,5.0,2254600.0
615.0,5.0,3258300.0
605.0,5.0,3111800.0
635.0,5.0,3564400.0
625.0,5.0,3409100.0
655.0,5.0,3889300.0
645.0,5.0,3724400.0
675.0,5.0,4234600.0
665.0,5.0,4059300.0
535.0,5.0,2334400.0
525.0,5.0,2329400.0
555.0,5.0,2455700.0
545.0,5.0,2337100.0
575.0,5.0,2702400.0
565.0,5.0,2577400.0
595.0,5.0,2969400.0
585.0,5.0,2830900.0
5.0,15.0,5291500.0
15.0,15.0,5204400.0
25.0,15.0,5125200.0
35.0,15.0,4828400.0
45.0,15.0,4601500.0
55.0,15.0,4381900.0
65.0,15.0,4169400.0
75.0,15.0,3963800.0
685.0,5.0,4819700.0
695.0,5.0,4945100.0
705.0,5.0,5069000.0
715.0,5.0,5191000.0
725.0,5.0,5310700.0
735.0,5.0,5427700.0
745.0,5.0,5541600.0
195.0,15.0,3679600.0
185.0,15.0,3692500.0
175.0,15.0,3710500.0
165.0,15.0,3734000.0
235.0,15.0,3395700.0
225.0,15.0,3537000.0
215.0,15.0,3682000.0
205.0,15.0,3830900.0
115.0,15.0,3816400.0
105.0,15.0,3843900.0
95.0,15.0,3877500.0
85.0,15.0,3917400.0
155.0,15.0,3763400.0
145.0,15.0,3768500.0
135.0,15.0,3778900.0
125.0,15.0,3794800.0
345.0,15.0,2086100.0
355.0,15.0,2083400.0
325.0,15.0,2289600.0
335.0,15.0,2187100.0
385.0,15.0,2081100.0
395.0,15.0,2081600.0
365.0,15.0,2081800.0
375.0,15.0,2081100.0
265.0,15.0,2992000.0
275.0,15.0,2863500.0
245.0,15.0,3257900.0
255.0,15.0,3123400.0
305.0,15.0,2499900.0
315.0,15.0,2393800.0
285.0,15.0,2737700.0
295.0,15.0,2614400.0
535.0,15.0,2157500.0
525.0,15.0,2155000.0
555.0,15.0,2391800.0
545.0,15.0,2273200.0
495.0,15.0,2136500.0
485.0,15.0,2128000.0
515.0,15.0,2150400.0
505.0,15.0,2144100.0
455.0,15.0,2101100.0
445.0,15.0,2093000.0
475.0,15.0,2119000.0
465.0,15.0,2109900.0
415.0,15.0,2083300.0
405.0,15.0,2082400.0
435.0,15.0,2084600.0
425.0,15.0,2084100.0
685.0,15.0,4581300.0
695.0,15.0,4701000.0
705.0,15.0,4819000.0
715.0,15.0,4934900.0
645.0,15.0,3666800.0
655.0,15.0,3831700.0
665.0,15.0,4001700.0
675.0,15.0,4460300.0
605.0,15.0,3054200.0
615.0,15.0,3200700.0
625.0,15.0,3351500.0
635.0,15.0,3506800.0
565.0,15.0,2513500.0
575.0,15.0,2638500.0
585.0,15.0,2773300.0
595.0,15.0,2911800.0
115.0,25.0,3601800.0
105.0,25.0,3629300.0
95.0,25.0,3662900.0
85.0,25.0,3702800.0
75.0,25.0,3901700.0
65.0,25.0,4107300.0
55.0,25.0,4319800.0
45.0,25.0,4539400.0
35.0,25.0,4828700.0
25.0,25.0,4900200.0
15.0,25.0,4979400.0
5.0,25.0,5066500.0
745.0,15.0,5266000.0
735.0,15.0,5158800.0
725.0,15.0,5048300.0
265.0,25.0,2948800.0
275.0,25.0,2820300.0
245.0,25.0,3214700.0
255.0,25.0,3080200.0
225.0,25.0,3493800.0
235.0,25.0,3352500.0
205.0,25.0,3479300.0
215.0,25.0,3638800.0
185.0,25.0,3492000.0
195.0,25.0,3483400.0
165.0,25.0,3524300.0
175.0,25.0,3505500.0
145.0,25.0,3553900.0
155.0,25.0,3548800.0
125.0,25.0,3580200.0
135.0,25.0,3564300.0
475.0,25.0,1962000.0
465.0,25.0,1954200.0
455.0,25.0,1946500.0
445.0,25.0,1939300.0
515.0,25.0,1986200.0
505.0,25.0,1982000.0
495.0,25.0,1976300.0
485.0,25.0,1969500.0
555.0,25.0,2335800.0
545.0,25.0,2217200.0
535.0,25.0,2101500.0
525.0,25.0,1988500.0
595.0,25.0,2862100.0
585.0,25.0,2723600.0
575.0,25.0,2588800.0
565.0,25.0,2457500.0
305.0,25.0,2450200.0
315.0,25.0,2337800.0
285.0,25.0,2694500.0
295.0,25.0,2571200.0
345.0,25.0,2030100.0
355.0,25.0,1930400.0
325.0,25.0,2233600.0
335.0,25.0,2131100.0
385.0,25.0,1928100.0
395.0,25.0,1928600.0
365.0,25.0,1928800.0
375.0,25.0,1928100.0
425.0,25.0,1931100.0
435.0,25.0,1931600.0
405.0,25.0,1929400.0
415.0,25.0,1930300.0
15.0,35.0,4762100.0
5.0,35.0,4849200.0
35.0,35.0,4611400.0
25.0,35.0,4682900.0
55.0,35.0,4265400.0
45.0,35.0,4547400.0
75.0,35.0,3847300.0
65.0,35.0,4052900.0
95.0,35.0,3456000.0
85.0,35.0,3648400.0
115.0,35.0,3394900.0
105.0,35.0,3422400.0
135.0,35.0,3357400.0
125.0,35.0,3373300.0
155.0,35.0,3341900.0
145.0,35.0,3347000.0
605.0,25.0,3004500.0
615.0,25.0,3151000.0
625.0,25.0,3301800.0
635.0,25.0,3457100.0
645.0,25.0,3617100.0
655.0,25.0,3782000.0
665.0,25.0,4118700.0
675.0,25.0,4235300.0
685.0,25.0,4350800.0
695.0,25.0,4464800.0
705.0,25.0,4576900.0
715.0,25.0,4686700.0
725.0,25.0,4793800.0
735.0,25.0,4897800.0
745.0,25.0,4998300.0
395.0,35.0,1783300.0
385.0,35.0,1782800.0
375.0,35.0,1782800.0
365.0,35.0,1783500.0
355.0,35.0,1882100.0
345.0,35.0,1981800.0
335.0,35.0,2082800.0
325.0,35.0,2185300.0
475.0,35.0,1812700.0
465.0,35.0,1806200.0
455.0,35.0,1799600.0
445.0,35.0,1793300.0
435.0,35.0,1786300.0
425.0,35.0,1785800.0
415.0,35.0,1785000.0
405.0,35.0,1784100.0
225.0,35.0,3458300.0
235.0,35.0,3317000.0
205.0,35.0,3450500.0
215.0,35.0,3603300.0
185.0,35.0,3299200.0
195.0,35.0,3294900.0
165.0,35.0,3322300.0
175.0,35.0,3308200.0
305.0,35.0,2414700.0
315.0,35.0,2295800.0
285.0,35.0,2659000.0
295.0,35.0,2535700.0
265.0,35.0,2913300.0
275.0,35.0,2784800.0
245.0,35.0,3179200.0
255.0,35.0,3044700.0
695.0,35.0,4236300.0
685.0,35.0,4128000.0
715.0,35.0,4446200.0
705.0,35.0,4342500.0
655.0,35.0,3794500.0
645.0,35.0,3575100.0
675.0,35.0,4018000.0
665.0,35.0,3906700.0
15.0,45.0,4552300.0
5.0,45.0,4639400.0
35.0,45.0,4401600.0
25.0,45.0,4473100.0
735.0,35.0,4644500.0
725.0,35.0,4547000.0
745.0,35.0,4738300.0
525.0,35.0,1940200.0
535.0,35.0,2053200.0
545.0,35.0,2168900.0
555.0,35.0,2287500.0
485.0,35.0,1818700.0
495.0,35.0,1823800.0
505.0,35.0,1827600.0
515.0,35.0,1829700.0
605.0,35.0,2962500.0
615.0,35.0,3109000.0
625.0,35.0,3259800.0
635.0,35.0,3415100.0
565.0,35.0,2415500.0
575.0,35.0,2546800.0
585.0,35.0,2681600.0
595.0,35.0,2820100.0
305.0,45.0,2386700.0
315.0,45.0,2267800.0
285.0,45.0,2631000.0
295.0,45.0,2507700.0
345.0,45.0,1941000.0
355.0,45.0,1841300.0
325.0,45.0,2150800.0
335.0,45.0,2042000.0
225.0,45.0,3430300.0
235.0,45.0,3289000.0
205.0,45.0,3429200.0
215.0,45.0,3575300.0
265.0,45.0,2885300.0
275.0,45.0,2756800.0
245.0,45.0,3151200.0
255.0,45.0,3016700.0
155.0,45.0,3142500.0
145.0,45.0,3147600.0
135.0,45.0,3158000.0
125.0,45.0,3173900.0
195.0,45.0,3273600.0
185.0,45.0,3113900.0
175.0,45.0,3118400.0
165.0,45.0,3127800.0
75.0,45.0,3800400.0
65.0,45.0,4006000.0
55.0,45.0,4280900.0
45.0,45.0,4337600.0
115.0,45.0,3195500.0
105.0,45.0,3223000.0
95.0,45.0,3409100.0
85.0,45.0,3601500.0
605.0,45.0,2928000.0
615.0,45.0,3074500.0
625.0,45.0,3225300.0
635.0,45.0,3380600.0
645.0,45.0,3540600.0
655.0,45.0,3595100.0
665.0,45.0,3702200.0
675.0,45.0,3808200.0
525.0,45.0,1899400.0
535.0,45.0,2012400.0
545.0,45.0,2128100.0
555.0,45.0,2253000.0
565.0,45.0,2381000.0
575.0,45.0,2512300.0
585.0,45.0,2647100.0
595.0,45.0,2785600.0
455.0,45.0,1660200.0
445.0,45.0,1654800.0
475.0,45.0,1670900.0
465.0,45.0,1665700.0
495.0,45.0,1678800.0
485.0,45.0,1675400.0
515.0,45.0,1788900.0
505.0,45.0,1680700.0
375.0,45.0,1645000.0
365.0,45.0,1742700.0
395.0,45.0,1645500.0
385.0,45.0,1645000.0
415.0,45.0,1647200.0
405.0,45.0,1646300.0
435.0,45.0,1648500.0
425.0,45.0,1648000.0
225.0,55.0,3409600.0
235.0,55.0,3268300.0
205.0,55.0,3415200.0
215.0,55.0,3554600.0
185.0,55.0,3099900.0
195.0,55.0,3259600.0
165.0,55.0,2940600.0
175.0,55.0,2935900.0
145.0,55.0,2955500.0
155.0,55.0,2950400.0
125.0,55.0,2981800.0
135.0,55.0,2965900.0
105.0,55.0,3183400.0
115.0,55.0,3003400.0
85.0,55.0,3561900.0
95.0,55.0,3369500.0
75.0,55.0,3760800.0
65.0,55.0,4028800.0
55.0,55.0,4078400.0
45.0,55.0,4135100.0
35.0,55.0,4199100.0
25.0,55.0,4270600.0
15.0,55.0,4349800.0
5.0,55.0,4436900.0
745.0,45.0,4485800.0
735.0,45.0,4398700.0
725.0,45.0,4307700.0
715.0,45.0,4213200.0
705.0,45.0,4115600.0
695.0,45.0,4015300.0
685.0,45.0,3912700.0
525.0,55.0,1865900.0
535.0,55.0,1978900.0
545.0,55.0,2100900.0
555.0,55.0,2225800.0
485.0,55.0,1539400.0
495.0,55.0,1541100.0
505.0,55.0,1647200.0
515.0,55.0,1755400.0
445.0,55.0,1523600.0
455.0,55.0,1528100.0
465.0,55.0,1532500.0
475.0,55.0,1536400.0
405.0,55.0,1515800.0
415.0,55.0,1516700.0
425.0,55.0,1517500.0
435.0,55.0,1518000.0
375.0,55.0,1611500.0
365.0,55.0,1709200.0
395.0,55.0,1515000.0
385.0,55.0,1514500.0
335.0,55.0,2014800.0
325.0,55.0,2130100.0
355.0,55.0,1807800.0
345.0,55.0,1907500.0
295.0,55.0,2487000.0
285.0,55.0,2610300.0
315.0,55.0,2247100.0
305.0,55.0,2366000.0
255.0,55.0,2996000.0
245.0,55.0,3130500.0
275.0,55.0,2736100.0
265.0,55.0,2864600.0
185.0,65.0,3093000.0
195.0,65.0,3252700.0
165.0,65.0,2760500.0
175.0,65.0,2929000.0
145.0,65.0,2770500.0
155.0,65.0,2765400.0
125.0,65.0,2796800.0
135.0,65.0,2780900.0
265.0,65.0,2851000.0
275.0,65.0,2722500.0
245.0,65.0,3116900.0
255.0,65.0,2982400.0
225.0,65.0,3396000.0
235.0,65.0,3254700.0
205.0,65.0,3408300.0
215.0,65.0,3541000.0
355.0,65.0,1781400.0
345.0,65.0,1887400.0
335.0,65.0,2001200.0
325.0,65.0,2116500.0
315.0,65.0,2233500.0
305.0,65.0,2352400.0
295.0,65.0,2473400.0
285.0,65.0,2596700.0
435.0,65.0,1394600.0
425.0,65.0,1394100.0
415.0,65.0,1393300.0
405.0,65.0,1392400.0
395.0,65.0,1391600.0
385.0,65.0,1488100.0
375.0,65.0,1585100.0
365.0,65.0,1682800.0
605.0,55.0,2900800.0
615.0,55.0,3047300.0
625.0,55.0,3198100.0
635.0,55.0,3353400.0
565.0,55.0,2353800.0
575.0,55.0,2485100.0
585.0,55.0,2619900.0
595.0,55.0,2758400.0
685.0,55.0,3704700.0
695.0,55.0,3801600.0
705.0,55.0,3896000.0
715.0,55.0,3987500.0
645.0,55.0,3398100.0
655.0,55.0,3403000.0
665.0,55.0,3505000.0
675.0,55.0,3605700.0
15.0,65.0,4154400.0
5.0,65.0,4241500.0
35.0,65.0,4003700.0
25.0,65.0,4075200.0
735.0,55.0,4160200.0
725.0,55.0,4075700.0
745.0,55.0,4240600.0
95.0,65.0,3337000.0
85.0,65.0,3529400.0
115.0,65.0,2970900.0
105.0,65.0,3150900.0
55.0,65.0,3883000.0
45.0,65.0,3939700.0
75.0,65.0,3790700.0
65.0,65.0,3833400.0
25.0,75.0,3886700.0
35.0,75.0,3815200.0
5.0,75.0,4053000.0
15.0,75.0,3965900.0
65.0,75.0,3644900.0
75.0,75.0,3602200.0
45.0,75.0,3751200.0
55.0,75.0,3694500.0
105.0,75.0,3125300.0
115.0,75.0,2945300.0
85.0,75.0,3566200.0
95.0,75.0,3311400.0
145.0,75.0,2592400.0
155.0,75.0,2587300.0
125.0,75.0,2771200.0
135.0,75.0,2602800.0
235.0,75.0,3248000.0
225.0,75.0,3389300.0
215.0,75.0,3534300.0
275.0,75.0,2715800.0
265.0,75.0,2844300.0
255.0,75.0,2975700.0
245.0,75.0,3110200.0
315.0,75.0,2226800.0
305.0,75.0,2345700.0
295.0,75.0,2466700.0
285.0,75.0,2590000.0
445.0,65.0,1399500.0
455.0,65.0,1403100.0
465.0,65.0,1406400.0
475.0,65.0,1409000.0
485.0,65.0,1410500.0
495.0,65.0,1514700.0
505.0,65.0,1620800.0
515.0,65.0,1729000.0
525.0,65.0,1839500.0
535.0,65.0,1958800.0
545.0,65.0,2080800.0
555.0,65.0,2205700.0
565.0,65.0,2333700.0
575.0,65.0,2465000.0
585.0,65.0,2599800.0
595.0,65.0,2738300.0
615.0,65.0,3027200.0
605.0,65.0,2880700.0
635.0,65.0,3333300.0
625.0,65.0,3178000.0
655.0,65.0,3218000.0
645.0,65.0,3213100.0
675.0,65.0,3410300.0
665.0,65.0,3314900.0
695.0,65.0,3595000.0
685.0,65.0,3503800.0
715.0,65.0,3768900.0
705.0,65.0,3683500.0
735.0,65.0,3928800.0
725.0,65.0,3850800.0
745.0,65.0,4002500.0
35.0,85.0,3633400.0
25.0,85.0,3704900.0
15.0,85.0,3784100.0
5.0,85.0,3871200.0
745.0,75.0,3771300.0
735.0,75.0,3704300.0
725.0,75.0,3632800.0
715.0,75.0,3557200.0
705.0,75.0,3477900.0
695.0,75.0,3395300.0
685.0,75.0,3309800.0
675.0,75.0,3221800.0
665.0,75.0,3131700.0
655.0,75.0,3039900.0
645.0,75.0,3035000.0
145.0,85.0,2421000.0
155.0,85.0,2415900.0
125.0,85.0,2752300.0
135.0,85.0,2583900.0
105.0,85.0,3106400.0
115.0,85.0,2926400.0
85.0,85.0,3384400.0
95.0,85.0,3354900.0
65.0,85.0,3463100.0
75.0,85.0,3420400.0
45.0,85.0,3569400.0
55.0,85.0,3512700.0
455.0,75.0,1285000.0
445.0,75.0,1282300.0
475.0,75.0,1288500.0
465.0,75.0,1287200.0
415.0,75.0,1276800.0
405.0,75.0,1275900.0
435.0,75.0,1278100.0
425.0,75.0,1277600.0
375.0,75.0,1565600.0
365.0,75.0,1663300.0
395.0,75.0,1372100.0
385.0,75.0,1468600.0
335.0,75.0,1994500.0
325.0,75.0,2109800.0
355.0,75.0,1768200.0
345.0,75.0,1880700.0
605.0,75.0,2867500.0
615.0,75.0,3014000.0
625.0,75.0,3164800.0
635.0,75.0,3320100.0
565.0,75.0,2320500.0
575.0,75.0,2451800.0
585.0,75.0,2586600.0
595.0,75.0,2725100.0
525.0,75.0,1826300.0
535.0,75.0,1945600.0
545.0,75.0,2067600.0
555.0,75.0,2192500.0
485.0,75.0,1391000.0
495.0,75.0,1495200.0
505.0,75.0,1601300.0
515.0,75.0,1709500.0
635.0,85.0,2854000.0
625.0,85.0,3158300.0
615.0,85.0,3007500.0
605.0,85.0,2861000.0
675.0,85.0,3040000.0
665.0,85.0,2955200.0
655.0,85.0,2868500.0
645.0,85.0,2863600.0
555.0,85.0,2186000.0
545.0,85.0,2061100.0
535.0,85.0,1939100.0
525.0,85.0,1819800.0
595.0,85.0,2718600.0
585.0,85.0,2580100.0
575.0,85.0,2445300.0
565.0,85.0,2314000.0
25.0,95.0,3529600.0
35.0,95.0,3458100.0
5.0,95.0,3695900.0
15.0,95.0,3608800.0
65.0,95.0,3287800.0
75.0,95.0,3245100.0
45.0,95.0,3394100.0
55.0,95.0,3337400.0
705.0,85.0,3279000.0
715.0,85.0,3352200.0
685.0,85.0,3122500.0
695.0,85.0,3202300.0
745.0,85.0,3546800.0
725.0,85.0,3421500.0
735.0,85.0,3486500.0
445.0,85.0,1171800.0
455.0,85.0,1173600.0
465.0,85.0,1174700.0
475.0,85.0,1275700.0
485.0,85.0,1378200.0
495.0,85.0,1482400.0
505.0,85.0,1588500.0
515.0,85.0,1703000.0
365.0,85.0,1656800.0
375.0,85.0,1552800.0
385.0,85.0,1455800.0
395.0,85.0,1359300.0
405.0,85.0,1263100.0
415.0,85.0,1167000.0
425.0,85.0,1167800.0
435.0,85.0,1168300.0
615.0,95.0,2950800.0
605.0,95.0,2810600.0
635.0,95.0,2689100.0
625.0,95.0,2833600.0
575.0,95.0,2413800.0
565.0,95.0,2288800.0
595.0,95.0,2674500.0
585.0,95.0,2542300.0
695.0,95.0,3015800.0
685.0,95.0,2941700.0
715.0,95.0,3153700.0
705.0,95.0,3086600.0
655.0,95.0,2703600.0
645.0,95.0,2698700.0
675.0,95.0,2864700.0
665.0,95.0,2785200.0
445.0,95.0,1067800.0
455.0,95.0,1068700.0
465.0,95.0,1168400.0
475.0,95.0,1269400.0
405.0,95.0,1256800.0
415.0,95.0,1160700.0
425.0,95.0,1064500.0
435.0,95.0,1065000.0
535.0,95.0,1932800.0
545.0,95.0,2048500.0
555.0,95.0,2167100.0
485.0,95.0,1371900.0
495.0,95.0,1476100.0
395.0,95.0,1353000.0
385.0,95.0,1449500.0
145.0,95.0,2408600.0
155.0,95.0,2251000.0
125.0,95.0,2739900.0
135.0,95.0,2571500.0
105.0,95.0,3156400.0
115.0,95.0,2914000.0
85.0,95.0,3209100.0
95.0,95.0,3179600.0
445.0,105.0,970100.0
525.0,105.0,2037200.0
435.0,105.0,968000.0
155.0,105.0,2244900.0
145.0,105.0,2402500.0
135.0,105.0,2565400.0
125.0,105.0,2733800.0
195.0,105.0,1814600.0
185.0,105.0,1830600.0
175.0,105.0,1956400.0
165.0,105.0,2092400.0
205.0,105.0,1802900.0
745.0,95.0,3328800.0
725.0,95.0,3216700.0
735.0,95.0,3275200.0
25.0,105.0,3360600.0
35.0,105.0,3289100.0
5.0,105.0,3526900.0
15.0,105.0,3439800.0
65.0,105.0,3118800.0
75.0,105.0,3076100.0
45.0,105.0,3225100.0
55.0,105.0,3168400.0
105.0,105.0,2987400.0
115.0,105.0,2970300.0
85.0,105.0,3040100.0
95.0,105.0,3010600.0
445.0,115.0,878500.0
435.0,115.0,877100.0
325.0,115.0,1044000.0
335.0,115.0,1042500.0
345.0,115.0,1041200.0
295.0,115.0,1117300.0
285.0,115.0,1272300.0
315.0,115.0,1047200.0
305.0,115.0,1052300.0
255.0,115.0,1288100.0
245.0,115.0,1299300.0
275.0,115.0,1274800.0
265.0,115.0,1280000.0
215.0,115.0,1672900.0
205.0,115.0,1680500.0
235.0,115.0,1401100.0
225.0,115.0,1669200.0
175.0,115.0,1944800.0
195.0,115.0,1692200.0
185.0,115.0,1813500.0
145.0,115.0,2390700.0
155.0,115.0,2239000.0
125.0,115.0,2796200.0
135.0,115.0,2790700.0
105.0,115.0,2824500.0
115.0,115.0,2807400.0
85.0,115.0,2877200.0
95.0,115.0,2847700.0
65.0,115.0,2955900.0
75.0,115.0,2913200.0
45.0,115.0,3062200.0
55.0,115.0,3005500.0
25.0,115.0,3197700.0
35.0,115.0,3126200.0
5.0,115.0,3364000.0
15.0,115.0,3276900.0
745.0,105.0,3117100.0
735.0,105.0,3070200.0
725.0,105.0,3018200.0
715.0,105.0,2961500.0
705.0,105.0,2900500.0
695.0,105.0,2835600.0
685.0,105.0,2767200.0
675.0,105.0,2695700.0
665.0,105.0,2621500.0
655.0,105.0,2545000.0
645.0,105.0,2540100.0
625.0,105.0,2827500.0
285.0,125.0,1173800.0
295.0,125.0,1086100.0
305.0,125.0,1021100.0
315.0,125.0,958200.0
325.0,125.0,955000.0
335.0,125.0,953500.0
205.0,125.0,1564000.0
215.0,125.0,1556400.0
225.0,125.0,1552700.0
235.0,125.0,1389900.0
245.0,125.0,1288100.0
255.0,125.0,1189600.0
265.0,125.0,1181500.0
275.0,125.0,1176300.0
135.0,125.0,2633700.0
125.0,125.0,2639200.0
145.0,125.0,2586000.0
175.0,125.0,1939100.0
195.0,125.0,1681000.0
185.0,125.0,1807800.0
55.0,125.0,2848500.0
45.0,125.0,2905200.0
75.0,125.0,2756200.0
65.0,125.0,2798900.0
95.0,125.0,2690700.0
85.0,125.0,2720200.0
115.0,125.0,2650400.0
105.0,125.0,2667500.0
745.0,115.0,2911500.0
725.0,115.0,2825800.0
735.0,115.0,2871300.0
25.0,125.0,3040700.0
35.0,125.0,2969200.0
5.0,125.0,3207000.0
15.0,125.0,3119900.0
665.0,115.0,2463900.0
675.0,115.0,2532800.0
655.0,115.0,2392500.0
705.0,115.0,2720500.0
715.0,115.0,2775400.0
685.0,115.0,2598800.0
695.0,115.0,2661500.0
525.0,115.0,2135700.0
325.0,135.0,871700.0
335.0,135.0,870200.0
285.0,135.0,1081000.0
295.0,135.0,1065300.0
305.0,135.0,995600.0
315.0,135.0,932700.0
245.0,135.0,1282600.0
255.0,135.0,1184100.0
265.0,135.0,1088700.0
275.0,135.0,1083500.0
435.0,135.0,712800.0
425.0,135.0,712300.0
705.0,135.0,2378000.0
715.0,135.0,2420700.0
685.0,135.0,2279500.0
695.0,135.0,2330800.0
665.0,135.0,2166200.0
675.0,135.0,2224500.0
655.0,135.0,2105000.0
115.0,145.0,2353300.0
105.0,145.0,2370400.0
95.0,145.0,2393600.0
85.0,145.0,2423100.0
75.0,145.0,2459100.0
65.0,145.0,2501800.0
55.0,145.0,2551400.0
45.0,145.0,2608100.0
35.0,145.0,2672100.0
25.0,145.0,2743600.0
15.0,145.0,2822800.0
5.0,145.0,2909900.0
745.0,135.0,2517800.0
735.0,135.0,2491000.0
725.0,135.0,2458500.0
445.0,125.0,792800.0
435.0,125.0,792100.0
655.0,125.0,2245900.0
675.0,125.0,2375800.0
665.0,125.0,2312200.0
525.0,125.0,2228500.0
25.0,135.0,2889400.0
35.0,135.0,2817900.0
5.0,135.0,3055700.0
15.0,135.0,2968600.0
65.0,135.0,2647600.0
75.0,135.0,2604900.0
45.0,135.0,2753900.0
55.0,135.0,2697200.0
705.0,125.0,2546400.0
715.0,125.0,2595200.0
685.0,125.0,2436300.0
695.0,125.0,2493300.0
745.0,125.0,2711800.0
725.0,125.0,2639300.0
735.0,125.0,2678300.0
185.0,135.0,1802300.0
175.0,135.0,1928100.0
235.0,135.0,1424400.0
225.0,135.0,1441900.0
215.0,135.0,1445600.0
205.0,135.0,1558500.0
115.0,135.0,2499100.0
105.0,135.0,2516200.0
95.0,135.0,2539400.0
85.0,135.0,2568900.0
145.0,135.0,2440000.0
135.0,135.0,2482400.0
125.0,135.0,2487900.0
55.0,155.0,2410900.0
45.0,155.0,2467600.0
75.0,155.0,2318600.0
65.0,155.0,2361300.0
15.0,155.0,2682300.0
5.0,155.0,2854400.0
35.0,155.0,2531600.0
25.0,155.0,2603100.0
135.0,155.0,2196100.0
125.0,155.0,2201600.0
145.0,155.0,2164300.0
95.0,155.0,2253100.0
85.0,155.0,2282600.0
115.0,155.0,2212800.0
105.0,155.0,2229900.0
225.0,155.0,1236600.0
235.0,155.0,1226100.0
285.0,155.0,911700.0
295.0,155.0,909400.0
305.0,155.0,970300.0
315.0,155.0,902700.0
395.0,155.0,567500.0
385.0,155.0,567000.0
345.0,155.0,719900.0
335.0,155.0,777700.0
325.0,155.0,837000.0
435.0,155.0,570500.0
425.0,155.0,570000.0
415.0,155.0,569200.0
405.0,155.0,568300.0
545.0,155.0,757600.0
555.0,155.0,763400.0
525.0,155.0,739500.0
535.0,155.0,749500.0
605.0,155.0,1088900.0
585.0,155.0,916000.0
595.0,155.0,1000500.0
565.0,155.0,766500.0
575.0,155.0,839500.0
135.0,145.0,2336600.0
125.0,145.0,2342100.0
145.0,145.0,2299500.0
235.0,145.0,1322600.0
225.0,145.0,1336600.0
275.0,145.0,996200.0
285.0,145.0,993700.0
295.0,145.0,989100.0
305.0,145.0,980300.0
315.0,145.0,912700.0
325.0,145.0,851700.0
335.0,145.0,792400.0
385.0,145.0,635500.0
395.0,145.0,636000.0
405.0,145.0,636800.0
415.0,145.0,637700.0
425.0,145.0,638500.0
435.0,145.0,639000.0
555.0,145.0,853500.0
545.0,145.0,844800.0
535.0,145.0,834000.0
525.0,145.0,821500.0
595.0,145.0,1019700.0
585.0,145.0,939500.0
575.0,145.0,863000.0
565.0,145.0,859700.0
605.0,145.0,1108100.0
665.0,145.0,2025700.0
675.0,145.0,2078700.0
645.0,145.0,1910800.0
655.0,145.0,1969600.0
705.0,145.0,2215100.0
715.0,145.0,2251700.0
685.0,145.0,2128200.0
695.0,145.0,2173800.0
745.0,145.0,2329300.0
725.0,145.0,2283200.0
735.0,145.0,2309200.0
75.0,175.0,2052700.0
65.0,175.0,2095400.0
55.0,175.0,2145000.0
45.0,175.0,2201700.0
35.0,175.0,2265700.0
25.0,175.0,2422200.0
15.0,175.0,2586400.0
5.0,175.0,2758500.0
745.0,165.0,1968000.0
735.0,165.0,1961300.0
725.0,165.0,1948300.0
715.0,165.0,1929400.0
705.0,165.0,1905000.0
695.0,165.0,1875500.0
685.0,165.0,1841300.0
665.0,165.0,1760400.0
675.0,165.0,1802800.0
645.0,165.0,1665500.0
655.0,165.0,1714500.0
585.0,165.0,901900.0
595.0,165.0,986400.0
565.0,165.0,748100.0
575.0,165.0,821100.0
545.0,165.0,675500.0
555.0,165.0,678400.0
525.0,165.0,662600.0
535.0,165.0,670100.0
375.0,175.0,543700.0
365.0,175.0,593700.0
395.0,175.0,445600.0
385.0,175.0,494400.0
355.0,175.0,649100.0
345.0,175.0,705600.0
285.0,175.0,762800.0
215.0,175.0,1066500.0
225.0,175.0,1051700.0
235.0,175.0,1048200.0
125.0,175.0,1935700.0
135.0,175.0,1930200.0
145.0,175.0,1909000.0
85.0,175.0,2016700.0
95.0,175.0,1987200.0
105.0,175.0,1964000.0
115.0,175.0,1946900.0
145.0,165.0,2034200.0
135.0,165.0,2060700.0
125.0,165.0,2066200.0
75.0,165.0,2183200.0
65.0,165.0,2225900.0
55.0,165.0,2275500.0
45.0,165.0,2332200.0
115.0,165.0,2077400.0
105.0,165.0,2094500.0
95.0,165.0,2117700.0
85.0,165.0,2147200.0
745.0,155.0,2146100.0
725.0,155.0,2113200.0
735.0,155.0,2132700.0
25.0,165.0,2467700.0
35.0,165.0,2396200.0
5.0,165.0,2804000.0
15.0,165.0,2631900.0
665.0,155.0,1890500.0
675.0,155.0,1938200.0
645.0,155.0,1785600.0
655.0,155.0,1839500.0
705.0,155.0,2057500.0
715.0,155.0,2088000.0
685.0,155.0,1982200.0
695.0,155.0,2022100.0
375.0,165.0,552900.0
365.0,165.0,602900.0
395.0,165.0,504100.0
385.0,165.0,503600.0
415.0,165.0,505800.0
405.0,165.0,504900.0
435.0,165.0,507100.0
425.0,165.0,506600.0
285.0,165.0,834800.0
315.0,165.0,897800.0
325.0,165.0,832100.0
335.0,165.0,768100.0
345.0,165.0,710300.0
355.0,165.0,653800.0
225.0,165.0,1141700.0
235.0,165.0,1134700.0
585.0,185.0,888200.0
565.0,185.0,730100.0
575.0,185.0,807400.0
545.0,185.0,589500.0
555.0,185.0,656100.0
525.0,185.0,523300.0
535.0,185.0,525800.0
285.0,185.0,695500.0
435.0,185.0,394800.0
425.0,185.0,394300.0
415.0,185.0,393500.0
405.0,185.0,392600.0
395.0,185.0,441100.0
385.0,185.0,489900.0
375.0,185.0,539200.0
45.0,195.0,2039600.0
55.0,195.0,1897900.0
65.0,195.0,1848300.0
75.0,195.0,1805600.0
5.0,195.0,2681400.0
15.0,195.0,2509300.0
25.0,195.0,2345100.0
35.0,195.0,2188600.0
125.0,195.0,1688600.0
135.0,195.0,1683100.0
145.0,195.0,1672500.0
85.0,195.0,1769600.0
95.0,195.0,1740100.0
105.0,195.0,1716900.0
115.0,195.0,1699800.0
655.0,185.0,1479000.0
645.0,185.0,1439800.0
675.0,185.0,1546500.0
665.0,185.0,1514700.0
635.0,185.0,1397500.0
735.0,185.0,1750000.0
725.0,185.0,1633000.0
745.0,185.0,1873700.0
695.0,185.0,1596800.0
685.0,185.0,1574000.0
715.0,185.0,1626700.0
705.0,185.0,1614500.0
585.0,175.0,892700.0
595.0,175.0,977200.0
565.0,175.0,734600.0
575.0,175.0,811900.0
665.0,175.0,1635200.0
675.0,175.0,1672300.0
645.0,175.0,1550300.0
655.0,175.0,1594400.0
705.0,175.0,1757400.0
715.0,175.0,1775700.0
685.0,175.0,1705300.0
695.0,175.0,1733800.0
435.0,175.0,448600.0
425.0,175.0,448100.0
415.0,175.0,447300.0
405.0,175.0,446400.0
555.0,175.0,664900.0
545.0,175.0,598300.0
535.0,175.0,595600.0
525.0,175.0,590600.0
125.0,185.0,1809900.0
135.0,185.0,1804400.0
145.0,185.0,1788500.0
215.0,185.0,977500.0
225.0,185.0,966400.0
735.0,175.0,1794800.0
725.0,175.0,1788300.0
745.0,175.0,1918500.0
15.0,185.0,2545600.0
5.0,185.0,2717700.0
35.0,185.0,2224900.0
25.0,185.0,2381400.0
55.0,185.0,2019200.0
45.0,185.0,2075900.0
75.0,185.0,1926900.0
65.0,185.0,1969600.0
95.0,185.0,1861400.0
85.0,185.0,1890900.0
115.0,185.0,1821100.0
105.0,185.0,1838200.0
505.0,205.0,393600.0
515.0,205.0,402000.0
375.0,205.0,336500.0
425.0,205.0,300000.0
435.0,205.0,300500.0
635.0,205.0,1199200.0
675.0,205.0,1308200.0
665.0,205.0,1287000.0
655.0,205.0,1261500.0
645.0,205.0,1232100.0
575.0,205.0,794700.0
125.0,205.0,1571600.0
135.0,205.0,1566100.0
145.0,205.0,1560800.0
45.0,205.0,2007600.0
55.0,205.0,1865900.0
65.0,205.0,1731300.0
75.0,205.0,1688600.0
85.0,205.0,1652600.0
95.0,205.0,1623100.0
105.0,205.0,1599900.0
115.0,205.0,1582800.0
285.0,205.0,574200.0
215.0,205.0,812800.0
225.0,205.0,809100.0
275.0,205.0,579200.0
635.0,195.0,1296200.0
585.0,195.0,875300.0
565.0,195.0,725800.0
575.0,195.0,798800.0
545.0,195.0,585200.0
525.0,195.0,460500.0
535.0,195.0,521500.0
35.0,205.0,2156600.0
25.0,205.0,2313100.0
15.0,205.0,2477300.0
5.0,205.0,2649400.0
745.0,195.0,1833400.0
735.0,195.0,1709700.0
725.0,195.0,1592700.0
715.0,195.0,1482200.0
705.0,195.0,1476100.0
695.0,195.0,1464300.0
685.0,195.0,1447200.0
675.0,195.0,1425200.0
665.0,195.0,1398700.0
655.0,195.0,1368100.0
645.0,195.0,1333800.0
285.0,195.0,632700.0
215.0,195.0,893000.0
225.0,195.0,885600.0
415.0,195.0,344200.0
435.0,195.0,345500.0
425.0,195.0,345000.0
375.0,195.0,381500.0
135.0,225.0,1344200.0
125.0,225.0,1349700.0
225.0,225.0,653400.0
215.0,225.0,664500.0
275.0,225.0,469300.0
365.0,225.0,258600.0
425.0,225.0,222100.0
435.0,225.0,222600.0
575.0,215.0,859700.0
635.0,215.0,1106300.0
655.0,215.0,1159000.0
645.0,215.0,1134500.0
675.0,215.0,1195300.0
665.0,215.0,1179400.0
695.0,215.0,1212000.0
685.0,215.0,1206300.0
715.0,215.0,1414300.0
705.0,215.0,1310100.0
725.0,215.0,1524800.0
735.0,215.0,1641800.0
745.0,215.0,1765500.0
5.0,225.0,2597500.0
15.0,225.0,2425400.0
25.0,225.0,2261200.0
35.0,225.0,2104700.0
45.0,225.0,1955700.0
55.0,225.0,1814000.0
65.0,225.0,1679400.0
75.0,225.0,1551700.0
85.0,225.0,1430700.0
95.0,225.0,1401200.0
105.0,225.0,1378000.0
115.0,225.0,1360900.0
285.0,215.0,519800.0
275.0,215.0,522300.0
375.0,215.0,295600.0
365.0,215.0,296300.0
425.0,215.0,259100.0
435.0,215.0,259600.0
505.0,215.0,343600.0
515.0,215.0,349900.0
495.0,215.0,336000.0
735.0,205.0,1673700.0
725.0,205.0,1556700.0
745.0,205.0,1797400.0
695.0,205.0,1336100.0
685.0,205.0,1324700.0
715.0,205.0,1446200.0
705.0,205.0,1342000.0
55.0,215.0,1838000.0
45.0,215.0,1979700.0
75.0,215.0,1575700.0
65.0,215.0,1703400.0
15.0,215.0,2449400.0
5.0,215.0,2621500.0
35.0,215.0,2128700.0
25.0,215.0,2285200.0
125.0,215.0,1458700.0
135.0,215.0,1453200.0
85.0,215.0,1539700.0
95.0,215.0,1510200.0
105.0,215.0,1487000.0
115.0,215.0,1469900.0
215.0,215.0,736700.0
135.0,245.0,1137100.0
125.0,245.0,1142600.0
55.0,245.0,1776900.0
45.0,245.0,1918600.0
75.0,245.0,1514600.0
65.0,245.0,1642300.0
95.0,245.0,1279100.0
85.0,245.0,1393600.0
115.0,245.0,1153800.0
105.0,245.0,1170900.0
725.0,235.0,1472500.0
735.0,235.0,1589500.0
745.0,235.0,1713200.0
5.0,245.0,2560400.0
15.0,245.0,2388300.0
25.0,245.0,2224100.0
35.0,245.0,2067600.0
645.0,235.0,950800.0
655.0,235.0,965500.0
665.0,235.0,975700.0
675.0,235.0,981000.0
685.0,235.0,1067500.0
695.0,235.0,1159700.0
705.0,235.0,1257800.0
715.0,235.0,1362000.0
575.0,235.0,978800.0
565.0,235.0,975500.0
635.0,235.0,932000.0
625.0,235.0,909500.0
515.0,235.0,257200.0
505.0,235.0,255100.0
495.0,235.0,251300.0
425.0,235.0,188800.0
435.0,235.0,189300.0
415.0,235.0,217800.0
365.0,235.0,224600.0
275.0,235.0,420000.0
215.0,235.0,596000.0
225.0,235.0,588600.0
125.0,235.0,1244400.0
135.0,235.0,1238900.0
85.0,235.0,1410400.0
95.0,235.0,1295900.0
105.0,235.0,1272700.0
115.0,235.0,1255600.0
45.0,235.0,1935400.0
55.0,235.0,1793700.0
65.0,235.0,1659100.0
75.0,235.0,1531400.0
5.0,235.0,2577200.0
15.0,235.0,2405100.0
25.0,235.0,2240900.0
35.0,235.0,2084400.0
745.0,225.0,1737500.0
735.0,225.0,1613800.0
725.0,225.0,1496800.0
715.0,225.0,1386300.0
705.0,225.0,1282100.0
695.0,225.0,1184000.0
685.0,225.0,1091800.0
675.0,225.0,1086300.0
665.0,225.0,1075700.0
655.0,225.0,1060400.0
645.0,225.0,1040800.0
635.0,225.0,1017300.0
625.0,225.0,990300.0
565.0,225.0,917700.0
575.0,225.0,921000.0
505.0,225.0,297500.0
515.0,225.0,301700.0
495.0,225.0,291800.0
565.0,255.0,1081400.0
615.0,255.0,741000.0
625.0,255.0,758200.0
635.0,255.0,771700.0
645.0,255.0,781100.0
655.0,255.0,786000.0
665.0,255.0,861700.0
675.0,255.0,942700.0
685.0,255.0,1029200.0
695.0,255.0,1121400.0
705.0,255.0,1219500.0
715.0,255.0,1323700.0
435.0,255.0,133000.0
425.0,255.0,128500.0
455.0,255.0,154500.0
445.0,255.0,138600.0
475.0,255.0,175900.0
465.0,255.0,165500.0
495.0,255.0,180600.0
485.0,255.0,178900.0
505.0,255.0,210200.0
555.0,255.0,1075000.0
265.0,255.0,339800.0
275.0,255.0,331700.0
355.0,255.0,167800.0
365.0,255.0,166900.0
115.0,255.0,1055300.0
105.0,255.0,1157400.0
95.0,255.0,1265600.0
85.0,255.0,1380100.0
135.0,255.0,1038600.0
125.0,255.0,1044100.0
215.0,255.0,469300.0
205.0,255.0,473200.0
725.0,245.0,1451700.0
735.0,245.0,1568700.0
745.0,245.0,1692400.0
685.0,245.0,1046700.0
695.0,245.0,1138900.0
705.0,245.0,1237000.0
715.0,245.0,1341200.0
45.0,255.0,1905100.0
55.0,255.0,1763400.0
65.0,255.0,1628800.0
75.0,255.0,1501100.0
5.0,255.0,2546900.0
15.0,255.0,2374800.0
25.0,255.0,2210600.0
35.0,255.0,2054100.0
575.0,245.0,1033300.0
565.0,245.0,1030000.0
655.0,245.0,874100.0
645.0,245.0,864300.0
675.0,245.0,960200.0
665.0,245.0,879200.0
635.0,245.0,850200.0
625.0,245.0,832200.0
435.0,245.0,159500.0
365.0,245.0,194100.0
505.0,245.0,216200.0
495.0,245.0,214300.0
445.0,245.0,165800.0
275.0,245.0,374200.0
225.0,245.0,527300.0
215.0,245.0,531000.0
205.0,245.0,534900.0
725.0,275.0,1408300.0
735.0,275.0,1525300.0
745.0,275.0,1649000.0
5.0,285.0,2524200.0
15.0,285.0,2352100.0
25.0,285.0,2187900.0
35.0,285.0,2031400.0
645.0,275.0,689500.0
655.0,275.0,760100.0
665.0,275.0,835800.0
675.0,275.0,916800.0
685.0,275.0,1003300.0
695.0,275.0,1095500.0
705.0,275.0,1193600.0
715.0,275.0,1297800.0
615.0,275.0,610700.0
635.0,275.0,623800.0
625.0,275.0,619300.0
315.0,285.0,118700.0
345.0,285.0,102400.0
355.0,285.0,101300.0
225.0,285.0,302000.0
205.0,285.0,389400.0
215.0,285.0,343000.0
265.0,285.0,222000.0
145.0,285.0,760900.0
135.0,285.0,845900.0
125.0,285.0,936400.0
185.0,285.0,494700.0
175.0,285.0,554000.0
165.0,285.0,618000.0
75.0,285.0,1478400.0
65.0,285.0,1606100.0
55.0,285.0,1740700.0
45.0,285.0,1882400.0
115.0,285.0,1032600.0
105.0,285.0,1134700.0
95.0,285.0,1242900.0
85.0,285.0,1357400.0
645.0,285.0,680700.0
655.0,285.0,751300.0
665.0,285.0,827000.0
675.0,285.0,908000.0
615.0,285.0,549700.0
625.0,285.0,554000.0
635.0,285.0,615000.0
565.0,285.0,318700.0
455.0,285.0,88000.0
445.0,285.0,74800.0
475.0,285.0,102200.0
465.0,285.0,95700.0
435.0,285.0,71300.0
425.0,285.0,68300.0
225.0,295.0,292500.0
235.0,295.0,255200.0
205.0,295.0,381400.0
215.0,295.0,335000.0
185.0,295.0,486700.0
195.0,295.0,431900.0
165.0,295.0,610000.0
175.0,295.0,546000.0
145.0,295.0,758600.0
155.0,295.0,678900.0
125.0,295.0,934100.0
135.0,295.0,843600.0
105.0,295.0,1132400.0
115.0,295.0,1030300.0
85.0,295.0,1355100.0
95.0,295.0,1240600.0
75.0,295.0,1476100.0
65.0,295.0,1603800.0
55.0,295.0,1738400.0
45.0,295.0,1880100.0
35.0,295.0,2029100.0
25.0,295.0,2185600.0
15.0,295.0,2349800.0
5.0,295.0,2521900.0
745.0,285.0,1640200.0
735.0,285.0,1516500.0
725.0,285.0,1399500.0
715.0,285.0,1289000.0
705.0,285.0,1184800.0
695.0,285.0,1086700.0
685.0,285.0,994500.0
135.0,265.0,943200.0
125.0,265.0,948700.0
215.0,265.0,410700.0
205.0,265.0,414600.0
275.0,265.0,292300.0
265.0,265.0,297700.0
725.0,255.0,1434200.0
735.0,255.0,1551200.0
745.0,255.0,1674900.0
5.0,265.0,2536500.0
15.0,265.0,2364400.0
25.0,265.0,2200200.0
35.0,265.0,2043700.0
45.0,265.0,1894700.0
55.0,265.0,1753000.0
65.0,265.0,1618400.0
75.0,265.0,1490700.0
85.0,265.0,1369700.0
95.0,265.0,1255200.0
105.0,265.0,1147000.0
115.0,265.0,1044900.0
475.0,265.0,148500.0
465.0,265.0,139400.0
455.0,265.0,129500.0
445.0,265.0,114500.0
505.0,265.0,207300.0
495.0,265.0,177700.0
485.0,265.0,150000.0
355.0,265.0,142800.0
425.0,265.0,105600.0
435.0,265.0,109600.0
55.0,275.0,1745500.0
45.0,275.0,1887200.0
75.0,275.0,1483200.0
65.0,275.0,1610900.0
15.0,275.0,2356900.0
5.0,275.0,2529000.0
35.0,275.0,2036200.0
25.0,275.0,2192700.0
135.0,275.0,850700.0
125.0,275.0,941200.0
95.0,275.0,1247700.0
85.0,275.0,1362200.0
115.0,275.0,1037400.0
105.0,275.0,1139500.0
645.0,265.0,701000.0
655.0,265.0,771600.0
665.0,265.0,847300.0
675.0,265.0,928300.0
615.0,265.0,674400.0
625.0,265.0,687300.0
635.0,265.0,696300.0
725.0,265.0,1419800.0
735.0,265.0,1536800.0
745.0,265.0,1660500.0
685.0,265.0,1014800.0
695.0,265.0,1107000.0
705.0,265.0,1205100.0
715.0,265.0,1309300.0
355.0,275.0,120700.0
345.0,275.0,122900.0
475.0,275.0,124000.0
465.0,275.0,116200.0
455.0,275.0,107400.0
445.0,275.0,93300.0
435.0,275.0,89100.0
425.0,275.0,85600.0
205.0,275.0,399900.0
215.0,275.0,355000.0
265.0,275.0,258500.0
275.0,275.0,255800.0
115.0,315.0,1020200.0
105.0,315.0,1118300.0
95.0,315.0,1222500.0
85.0,315.0,1333000.0
135.0,315.0,922500.0
125.0,315.0,928000.0
35.0,315.0,1987000.0
25.0,315.0,2139500.0
15.0,315.0,2299700.0
5.0,315.0,2467800.0
75.0,315.0,1450000.0
65.0,315.0,1573700.0
55.0,315.0,1704300.0
45.0,315.0,1842000.0
265.0,315.0,151200.0
275.0,315.0,126700.0
245.0,315.0,209100.0
255.0,315.0,178600.0
305.0,315.0,73600.0
315.0,315.0,61100.0
285.0,315.0,106200.0
295.0,315.0,88200.0
185.0,315.0,477400.0
195.0,315.0,422600.0
165.0,315.0,600700.0
175.0,315.0,536700.0
225.0,315.0,283200.0
235.0,315.0,244400.0
205.0,315.0,372100.0
215.0,315.0,325700.0
415.0,315.0,29400.0
405.0,315.0,28500.0
435.0,315.0,32100.0
425.0,315.0,30600.0
455.0,315.0,44000.0
445.0,315.0,33500.0
475.0,315.0,51000.0
465.0,315.0,48400.0
335.0,315.0,56400.0
325.0,315.0,57900.0
345.0,315.0,55100.0
565.0,315.0,263300.0
575.0,315.0,300300.0
585.0,315.0,340800.0
595.0,315.0,385000.0
605.0,315.0,433100.0
615.0,315.0,485300.0
625.0,315.0,541800.0
635.0,315.0,602800.0
505.0,315.0,103600.0
515.0,315.0,123800.0
525.0,315.0,146300.0
535.0,315.0,171300.0
545.0,315.0,199000.0
555.0,315.0,229600.0
35.0,325.0,1971700.0
25.0,325.0,2122500.0
15.0,325.0,2281000.0
5.0,325.0,2447400.0
745.0,315.0,1628000.0
735.0,315.0,1504300.0
725.0,315.0,1387300.0
715.0,315.0,1276800.0
705.0,315.0,1172600.0
695.0,315.0,1074500.0
685.0,315.0,982300.0
675.0,315.0,895800.0
665.0,315.0,814800.0
655.0,315.0,739100.0
645.0,315.0,668500.0
185.0,325.0,475700.0
195.0,325.0,420900.0
165.0,325.0,599000.0
175.0,325.0,535000.0
125.0,325.0,1007300.0
135.0,325.0,1001800.0
105.0,325.0,1114900.0
115.0,325.0,1018500.0
85.0,325.0,1326200.0
95.0,325.0,1217400.0
65.0,325.0,1563500.0
75.0,325.0,1441500.0
45.0,325.0,1828400.0
55.0,325.0,1692400.0
335.0,325.0,43400.0
325.0,325.0,44900.0
295.0,325.0,83700.0
285.0,325.0,101700.0
315.0,325.0,55500.0
305.0,325.0,68000.0
255.0,325.0,175400.0
245.0,325.0,207400.0
275.0,325.0,123500.0
265.0,325.0,148000.0
215.0,325.0,324000.0
205.0,325.0,370400.0
235.0,325.0,242700.0
225.0,325.0,281500.0
445.0,325.0,23800.0
455.0,325.0,33400.0
465.0,325.0,36700.0
475.0,325.0,38000.0
405.0,325.0,20400.0
415.0,325.0,21200.0
425.0,325.0,22100.0
435.0,325.0,23100.0
265.0,295.0,188000.0
245.0,295.0,221400.0
255.0,295.0,190900.0
315.0,295.0,96200.0
345.0,295.0,84400.0
435.0,295.0,56000.0
425.0,295.0,53500.0
415.0,295.0,51700.0
405.0,295.0,50600.0
475.0,295.0,82900.0
465.0,295.0,77700.0
455.0,295.0,71100.0
445.0,295.0,58800.0
515.0,295.0,129700.0
505.0,295.0,107600.0
495.0,295.0,87600.0
485.0,295.0,85900.0
535.0,295.0,181000.0
525.0,295.0,154100.0
565.0,295.0,278700.0
605.0,295.0,487100.0
615.0,295.0,491200.0
625.0,295.0,547700.0
635.0,295.0,608700.0
645.0,295.0,674400.0
655.0,295.0,745000.0
665.0,295.0,820700.0
675.0,295.0,901700.0
685.0,295.0,988200.0
695.0,295.0,1080400.0
705.0,295.0,1178500.0
715.0,295.0,1282700.0
735.0,295.0,1510200.0
725.0,295.0,1393200.0
745.0,295.0,1633900.0
15.0,305.0,2322500.0
5.0,305.0,2492500.0
35.0,305.0,2006000.0
25.0,305.0,2160400.0
55.0,305.0,1719500.0
45.0,305.0,1859100.0
75.0,305.0,1461400.0
65.0,305.0,1587000.0
95.0,305.0,1230100.0
85.0,305.0,1342500.0
115.0,305.0,1024000.0
105.0,305.0,1124000.0
185.0,305.0,481000.0
195.0,305.0,426200.0
165.0,305.0,604300.0
175.0,305.0,540300.0
125.0,305.0,929900.0
135.0,305.0,841500.0
265.0,305.0,156300.0
245.0,305.0,214200.0
255.0,305.0,183700.0
225.0,305.0,286800.0
235.0,305.0,248000.0
205.0,305.0,375700.0
215.0,305.0,329300.0
345.0,305.0,68700.0
315.0,305.0,76000.0
435.0,305.0,43000.0
425.0,305.0,41000.0
415.0,305.0,39500.0
405.0,305.0,38500.0
485.0,305.0,67400.0
495.0,305.0,85500.0
505.0,305.0,105500.0
515.0,305.0,127600.0
445.0,305.0,45100.0
455.0,305.0,56500.0
465.0,305.0,62000.0
475.0,305.0,65900.0
565.0,305.0,276600.0
575.0,305.0,315500.0
525.0,305.0,152000.0
535.0,305.0,178900.0
545.0,305.0,208500.0
555.0,305.0,241000.0
655.0,305.0,741000.0
645.0,305.0,670400.0
675.0,305.0,897700.0
665.0,305.0,816700.0
615.0,305.0,487200.0
605.0,305.0,435000.0
635.0,305.0,604700.0
625.0,305.0,543700.0
735.0,305.0,1506200.0
725.0,305.0,1389200.0
745.0,305.0,1629900.0
695.0,305.0,1076400.0
685.0,305.0,984200.0
715.0,305.0,1278700.0
705.0,305.0,1174500.0
125.0,355.0,1237000.0
135.0,355.0,1231500.0
105.0,355.0,1265300.0
115.0,355.0,1248200.0
85.0,355.0,1318000.0
95.0,355.0,1288500.0
65.0,355.0,1547500.0
75.0,355.0,1429400.0
45.0,355.0,1804600.0
55.0,355.0,1672500.0
25.0,355.0,2090900.0
35.0,355.0,1944000.0
5.0,355.0,2408000.0
15.0,355.0,2245500.0
745.0,345.0,1555600.0
735.0,345.0,1436400.0
725.0,345.0,1323900.0
715.0,345.0,1217900.0
705.0,345.0,1118200.0
695.0,345.0,1024600.0
685.0,345.0,936900.0
675.0,345.0,854900.0
665.0,345.0,778400.0
655.0,345.0,707200.0
645.0,345.0,641100.0
635.0,345.0,579900.0
625.0,345.0,523400.0
615.0,345.0,471400.0
605.0,345.0,423700.0
595.0,345.0,419800.0
525.0,345.0,152500.0
535.0,345.0,165000.0
545.0,345.0,173100.0
515.0,345.0,138700.0
455.0,345.0,17100.0
465.0,345.0,18200.0
415.0,345.0,9700.0
405.0,345.0,9100.0
425.0,345.0,10000.0
395.0,345.0,9200.0
335.0,345.0,29700.0
325.0,345.0,38600.0
345.0,345.0,22300.0
315.0,345.0,50300.0
305.0,345.0,63900.0
745.0,355.0,1540200.0
725.0,355.0,1310700.0
735.0,355.0,1422100.0
25.0,365.0,2085500.0
35.0,365.0,1939500.0
5.0,365.0,2400800.0
15.0,365.0,2239200.0
665.0,355.0,771800.0
675.0,355.0,847200.0
645.0,355.0,636700.0
655.0,355.0,701700.0
705.0,355.0,1107200.0
715.0,355.0,1205800.0
685.0,355.0,928100.0
695.0,355.0,1014700.0
595.0,355.0,458400.0
585.0,355.0,454700.0
635.0,355.0,576600.0
625.0,355.0,521200.0
615.0,355.0,470300.0
605.0,355.0,466200.0
515.0,355.0,123000.0
545.0,355.0,149900.0
535.0,355.0,144500.0
525.0,355.0,134500.0
405.0,355.0,5500.0
415.0,355.0,6000.0
445.0,355.0,10100.0
455.0,355.0,11000.0
465.0,355.0,14600.0
335.0,355.0,28600.0
345.0,355.0,21200.0
355.0,355.0,15100.0
365.0,355.0,10100.0
375.0,355.0,6900.0
385.0,355.0,6000.0
395.0,355.0,5600.0
175.0,355.0,511200.0
165.0,355.0,571300.0
195.0,355.0,404900.0
185.0,355.0,455800.0
215.0,355.0,315800.0
205.0,355.0,358300.0
225.0,355.0,312100.0
315.0,335.0,51600.0
305.0,335.0,65200.0
295.0,335.0,80900.0
285.0,335.0,100200.0
275.0,335.0,122000.0
265.0,335.0,146500.0
335.0,335.0,32100.0
325.0,335.0,41000.0
125.0,335.0,1085100.0
135.0,335.0,1079600.0
105.0,335.0,1113400.0
115.0,335.0,1096300.0
85.0,335.0,1321700.0
95.0,335.0,1214400.0
225.0,335.0,278500.0
235.0,335.0,241200.0
205.0,335.0,364400.0
215.0,335.0,319500.0
185.0,335.0,466700.0
195.0,335.0,413400.0
165.0,335.0,587000.0
175.0,335.0,524500.0
735.0,325.0,1477100.0
725.0,325.0,1361800.0
745.0,325.0,1599100.0
695.0,325.0,1054100.0
685.0,325.0,963600.0
715.0,325.0,1253000.0
705.0,325.0,1150500.0
55.0,335.0,1683400.0
45.0,335.0,1817900.0
75.0,335.0,1435500.0
65.0,335.0,1556000.0
15.0,335.0,2266000.0
5.0,335.0,2430900.0
35.0,335.0,1959700.0
25.0,335.0,2109000.0
585.0,325.0,339100.0
595.0,325.0,381600.0
525.0,325.0,144600.0
535.0,325.0,167900.0
545.0,325.0,193900.0
555.0,325.0,222800.0
645.0,325.0,656600.0
655.0,325.0,725500.0
665.0,325.0,799500.0
675.0,325.0,878800.0
605.0,325.0,428000.0
615.0,325.0,478500.0
625.0,325.0,533300.0
635.0,325.0,592600.0
135.0,345.0,1156100.0
125.0,345.0,1161600.0
195.0,345.0,408200.0
185.0,345.0,460200.0
175.0,345.0,516700.0
165.0,345.0,577900.0
225.0,345.0,277200.0
215.0,345.0,316900.0
205.0,345.0,360500.0
745.0,335.0,1575100.0
725.0,335.0,1340800.0
735.0,335.0,1454600.0
25.0,345.0,2098600.0
35.0,345.0,1950600.0
5.0,345.0,2417900.0
15.0,345.0,2254300.0
65.0,345.0,1550800.0
75.0,345.0,1431600.0
45.0,345.0,1810100.0
55.0,345.0,1676900.0
105.0,345.0,1189900.0
115.0,345.0,1172800.0
85.0,345.0,1319100.0
95.0,345.0,1213100.0
595.0,335.0,380100.0
615.0,335.0,474000.0
605.0,335.0,425000.0
635.0,335.0,585100.0
625.0,335.0,527300.0
655.0,335.0,715000.0
645.0,335.0,647600.0
675.0,335.0,865300.0
665.0,335.0,787500.0
695.0,335.0,1037600.0
685.0,335.0,948600.0
715.0,335.0,1233500.0
705.0,335.0,1132500.0
405.0,335.0,14000.0
415.0,335.0,14700.0
425.0,335.0,15300.0
435.0,335.0,15800.0
455.0,335.0,24500.0
465.0,335.0,26700.0
525.0,335.0,163900.0
535.0,335.0,186800.0
545.0,335.0,197600.0
555.0,335.0,200500.0
215.0,385.0,415900.0
205.0,385.0,423500.0
235.0,385.0,408700.0
225.0,385.0,412200.0
175.0,385.0,504500.0
195.0,385.0,435200.0
185.0,385.0,451200.0
135.0,385.0,1453100.0
125.0,385.0,1458600.0
405.0,385.0,500.0
415.0,385.0,700.0
425.0,385.0,1000.0
435.0,385.0,1900.0
385.0,385.0,1000.0
395.0,385.0,600.0
715.0,375.0,1190500.0
705.0,375.0,1093500.0
695.0,375.0,1002600.0
685.0,375.0,917600.0
675.0,375.0,838300.0
665.0,375.0,764500.0
655.0,375.0,696000.0
645.0,375.0,632600.0
635.0,375.0,574100.0
625.0,375.0,569600.0
615.0,375.0,561000.0
605.0,375.0,548700.0
595.0,375.0,533100.0
585.0,375.0,529400.0
105.0,385.0,1486900.0
115.0,385.0,1469800.0
85.0,385.0,1539600.0
95.0,385.0,1510100.0
65.0,385.0,1618300.0
75.0,385.0,1575600.0
45.0,385.0,1797900.0
55.0,385.0,1667900.0
25.0,385.0,2080000.0
35.0,385.0,1935200.0
5.0,385.0,2392900.0
15.0,385.0,2232500.0
745.0,375.0,1520100.0
725.0,375.0,1293800.0
735.0,375.0,1403600.0
95.0,395.0,1583100.0
85.0,395.0,1612600.0
115.0,395.0,1542800.0
105.0,395.0,1559900.0
135.0,395.0,1526100.0
125.0,395.0,1531600.0
15.0,395.0,2231300.0
5.0,395.0,2391400.0
35.0,395.0,1934600.0
25.0,395.0,2079100.0
55.0,395.0,1740900.0
45.0,395.0,1797600.0
75.0,395.0,1648600.0
65.0,395.0,1691300.0
175.0,395.0,504200.0
185.0,395.0,483700.0
195.0,395.0,467700.0
205.0,395.0,456000.0
215.0,395.0,448400.0
225.0,395.0,444700.0
235.0,395.0,437700.0
535.0,385.0,88800.0
525.0,385.0,86300.0
595.0,385.0,569600.0
585.0,385.0,565900.0
455.0,385.0,6000.0
445.0,385.0,3500.0
515.0,385.0,81700.0
505.0,385.0,75400.0
705.0,385.0,1090000.0
715.0,385.0,1186500.0
685.0,385.0,915100.0
695.0,385.0,999600.0
745.0,385.0,1514600.0
725.0,385.0,1289300.0
735.0,385.0,1398600.0
625.0,385.0,618400.0
635.0,385.0,627400.0
605.0,385.0,589100.0
615.0,385.0,605500.0
665.0,385.0,763000.0
675.0,385.0,836300.0
645.0,385.0,632100.0
655.0,385.0,695000.0
405.0,365.0,3000.0
415.0,365.0,3400.0
425.0,365.0,4300.0
375.0,365.0,6000.0
385.0,365.0,3500.0
395.0,365.0,3100.0
515.0,365.0,108400.0
445.0,365.0,6000.0
455.0,365.0,8500.0
595.0,365.0,496100.0
585.0,365.0,492400.0
535.0,365.0,125100.0
525.0,365.0,117600.0
545.0,365.0,127800.0
655.0,365.0,698100.0
645.0,365.0,634000.0
675.0,365.0,841800.0
665.0,365.0,767300.0
615.0,365.0,516000.0
605.0,365.0,507800.0
635.0,365.0,574800.0
625.0,365.0,520300.0
105.0,365.0,1339800.0
115.0,365.0,1322700.0
85.0,365.0,1392500.0
95.0,365.0,1363000.0
65.0,365.0,1545700.0
75.0,365.0,1428500.0
45.0,365.0,1801000.0
55.0,365.0,1669800.0
185.0,365.0,453100.0
195.0,365.0,403100.0
165.0,365.0,566800.0
175.0,365.0,507600.0
125.0,365.0,1311500.0
135.0,365.0,1306000.0
225.0,365.0,346100.0
215.0,365.0,349800.0
205.0,365.0,357400.0
395.0,375.0,1500.0
415.0,375.0,1700.0
405.0,375.0,1400.0
435.0,375.0,2800.0
425.0,375.0,2300.0
455.0,375.0,6900.0
445.0,375.0,4400.0
515.0,375.0,94700.0
505.0,375.0,86300.0
535.0,375.0,106600.0
525.0,375.0,101600.0
705.0,365.0,1099100.0
715.0,365.0,1196800.0
685.0,365.0,921800.0
695.0,365.0,1007500.0
745.0,365.0,1528500.0
725.0,365.0,1300800.0
735.0,365.0,1411300.0
25.0,375.0,2082000.0
35.0,375.0,1936700.0
5.0,375.0,2395900.0
15.0,375.0,2235000.0
65.0,375.0,1545000.0
75.0,375.0,1502300.0
45.0,375.0,1798900.0
55.0,375.0,1668400.0
115.0,375.0,1396500.0
105.0,375.0,1413600.0
95.0,375.0,1436800.0
85.0,375.0,1466300.0
135.0,375.0,1379800.0
125.0,375.0,1385300.0
195.0,375.0,402400.0
185.0,375.0,451700.0
175.0,375.0,505500.0
225.0,375.0,379400.0
215.0,375.0,383100.0
205.0,375.0,390700.0
175.0,425.0,601900.0
185.0,425.0,581400.0
195.0,425.0,565400.0
125.0,425.0,1750800.0
135.0,425.0,1745300.0
205.0,425.0,557400.0
15.0,425.0,2231500.0
5.0,425.0,2391900.0
35.0,425.0,2080800.0
25.0,425.0,2152300.0
735.0,415.0,1395800.0
725.0,415.0,1286800.0
745.0,415.0,1511500.0
95.0,425.0,1802300.0
85.0,425.0,1831800.0
115.0,425.0,1762000.0
105.0,425.0,1779100.0
55.0,425.0,1960100.0
45.0,425.0,2016800.0
75.0,425.0,1867800.0
65.0,425.0,1910500.0
505.0,425.0,45700.0
515.0,425.0,58700.0
495.0,425.0,34800.0
445.0,425.0,4300.0
455.0,425.0,7200.0
585.0,425.0,710900.0
595.0,425.0,714600.0
565.0,425.0,693200.0
575.0,425.0,703700.0
525.0,425.0,74000.0
435.0,425.0,2300.0
425.0,425.0,1000.0
415.0,425.0,700.0
405.0,425.0,500.0
395.0,425.0,600.0
385.0,425.0,1000.0
375.0,425.0,2300.0
385.0,415.0,700.0
395.0,415.0,200.0
95.0,415.0,1729000.0
85.0,415.0,1758500.0
115.0,415.0,1688700.0
105.0,415.0,1705800.0
135.0,415.0,1672000.0
125.0,415.0,1677500.0
175.0,415.0,569100.0
195.0,415.0,532600.0
185.0,415.0,548600.0
215.0,415.0,517000.0
205.0,415.0,520900.0
585.0,415.0,674400.0
595.0,415.0,678100.0
575.0,415.0,667200.0
625.0,415.0,763800.0
635.0,415.0,786300.0
605.0,415.0,709300.0
615.0,415.0,738000.0
665.0,415.0,830000.0
675.0,415.0,835300.0
645.0,415.0,805100.0
655.0,415.0,819800.0
705.0,415.0,1088100.0
715.0,415.0,1184300.0
685.0,415.0,913800.0
695.0,415.0,998000.0
435.0,415.0,1700.0
425.0,415.0,700.0
415.0,415.0,200.0
405.0,415.0,100.0
445.0,415.0,3400.0
515.0,415.0,57900.0
505.0,415.0,44900.0
495.0,415.0,43000.0
525.0,415.0,73200.0
495.0,405.0,51100.0
515.0,405.0,57000.0
505.0,405.0,54900.0
445.0,405.0,3000.0
415.0,405.0,100.0
435.0,405.0,1400.0
425.0,405.0,500.0
395.0,405.0,100.0
385.0,405.0,500.0
205.0,405.0,488400.0
215.0,405.0,480800.0
75.0,415.0,1794500.0
65.0,415.0,1837200.0
55.0,415.0,1886800.0
45.0,415.0,1943500.0
35.0,415.0,2007500.0
25.0,415.0,2079000.0
15.0,415.0,2231200.0
5.0,415.0,2391300.0
745.0,405.0,1510700.0
735.0,405.0,1395100.0
725.0,405.0,1286200.0
715.0,405.0,1183800.0
705.0,405.0,1087700.0
695.0,405.0,997700.0
685.0,405.0,913600.0
665.0,405.0,762300.0
675.0,405.0,835200.0
645.0,405.0,747400.0
655.0,405.0,757200.0
625.0,405.0,715300.0
635.0,405.0,733300.0
605.0,405.0,669200.0
615.0,405.0,693800.0
585.0,405.0,638200.0
595.0,405.0,641900.0
575.0,405.0,631000.0
525.0,405.0,72300.0
535.0,405.0,90100.0
575.0,395.0,594900.0
595.0,395.0,605800.0
585.0,395.0,602100.0
615.0,395.0,649700.0
605.0,395.0,629200.0
635.0,395.0,680400.0
625.0,395.0,666900.0
515.0,395.0,69200.0
505.0,395.0,65000.0
535.0,395.0,89300.0
525.0,395.0,71500.0
405.0,395.0,100.0
415.0,395.0,200.0
425.0,395.0,600.0
435.0,395.0,1500.0
445.0,395.0,3100.0
385.0,395.0,600.0
395.0,395.0,200.0
135.0,405.0,1599000.0
125.0,405.0,1604500.0
195.0,405.0,500100.0
185.0,405.0,516100.0
175.0,405.0,536600.0
75.0,405.0,1721500.0
65.0,405.0,1764200.0
55.0,405.0,1813800.0
45.0,405.0,1870500.0
115.0,405.0,1615700.0
105.0,405.0,1632800.0
95.0,405.0,1656000.0
85.0,405.0,1685500.0
745.0,395.0,1511600.0
725.0,395.0,1286900.0
735.0,395.0,1395900.0
25.0,405.0,2078900.0
35.0,405.0,1934500.0
5.0,405.0,2391000.0
15.0,405.0,2231000.0
665.0,395.0,762400.0
675.0,395.0,835400.0
645.0,395.0,689800.0
655.0,395.0,694700.0
705.0,395.0,1088200.0
715.0,395.0,1184400.0
685.0,395.0,913900.0
695.0,395.0,998100.0
245.0,455.0,687900.0
385.0,455.0,6000.0
375.0,455.0,6900.0
425.0,455.0,7200.0
405.0,455.0,5500.0
415.0,455.0,6000.0
485.0,455.0,29300.0
615.0,455.0,919800.0
605.0,455.0,874700.0
635.0,455.0,1003300.0
625.0,455.0,962800.0
595.0,455.0,827900.0
585.0,455.0,824200.0
695.0,455.0,1171400.0
685.0,455.0,1154300.0
715.0,455.0,1189300.0
705.0,455.0,1183200.0
655.0,455.0,1075200.0
645.0,455.0,1040900.0
675.0,455.0,1132300.0
665.0,455.0,1105800.0
5.0,465.0,2618800.0
15.0,465.0,2531700.0
25.0,465.0,2452500.0
35.0,465.0,2381000.0
725.0,455.0,1294200.0
735.0,455.0,1405600.0
745.0,455.0,1523700.0
85.0,465.0,1681700.0
95.0,465.0,1569300.0
105.0,465.0,1463200.0
115.0,465.0,1363200.0
45.0,465.0,2317000.0
55.0,465.0,2260300.0
65.0,465.0,2210700.0
75.0,465.0,2168000.0
395.0,445.0,3100.0
385.0,445.0,3500.0
375.0,445.0,4400.0
435.0,445.0,5300.0
425.0,445.0,4300.0
415.0,445.0,3400.0
405.0,445.0,3000.0
475.0,445.0,20400.0
465.0,445.0,13900.0
485.0,445.0,28400.0
555.0,445.0,754300.0
525.0,445.0,75200.0
535.0,445.0,93700.0
585.0,445.0,785600.0
595.0,445.0,789300.0
565.0,445.0,767900.0
575.0,445.0,778400.0
625.0,445.0,911900.0
635.0,445.0,947900.0
605.0,445.0,832200.0
615.0,445.0,873200.0
665.0,445.0,1035700.0
675.0,445.0,1056900.0
645.0,445.0,980800.0
655.0,445.0,1010200.0
695.0,445.0,1084800.0
685.0,445.0,1073400.0
715.0,445.0,1188400.0
705.0,445.0,1090700.0
735.0,445.0,1402900.0
725.0,445.0,1292400.0
745.0,445.0,1520100.0
15.0,455.0,2455200.0
5.0,455.0,2542300.0
35.0,455.0,2304500.0
25.0,455.0,2376000.0
55.0,455.0,2183800.0
45.0,455.0,2240500.0
75.0,455.0,2091500.0
65.0,455.0,2134200.0
85.0,455.0,2055500.0
95.0,455.0,2026000.0
105.0,455.0,1455700.0
115.0,455.0,1355700.0
125.0,455.0,1261600.0
135.0,455.0,1173200.0
145.0,455.0,1157900.0
155.0,455.0,1147900.0
215.0,455.0,670700.0
225.0,455.0,663300.0
235.0,455.0,659800.0
625.0,435.0,861900.0
635.0,435.0,893400.0
605.0,435.0,790600.0
615.0,435.0,827500.0
585.0,435.0,747900.0
595.0,435.0,751600.0
565.0,435.0,730200.0
575.0,435.0,740700.0
525.0,435.0,74500.0
535.0,435.0,92300.0
505.0,435.0,46200.0
515.0,435.0,59200.0
485.0,435.0,26300.0
495.0,435.0,35300.0
35.0,445.0,2229100.0
25.0,445.0,2300600.0
15.0,445.0,2379800.0
5.0,445.0,2466900.0
745.0,435.0,1516600.0
735.0,435.0,1400100.0
725.0,435.0,1290300.0
715.0,435.0,1187000.0
705.0,435.0,1090000.0
695.0,435.0,999100.0
685.0,435.0,993400.0
675.0,435.0,982400.0
665.0,435.0,966500.0
655.0,435.0,946100.0
645.0,435.0,921600.0
195.0,445.0,644000.0
125.0,445.0,1899100.0
135.0,445.0,1893600.0
145.0,445.0,1217100.0
85.0,445.0,1980100.0
95.0,445.0,1950600.0
105.0,445.0,1927400.0
115.0,445.0,1910300.0
45.0,445.0,2165100.0
55.0,445.0,2108400.0
65.0,445.0,2058800.0
75.0,445.0,2016100.0
255.0,445.0,710200.0
245.0,445.0,686100.0
215.0,445.0,632100.0
205.0,445.0,639900.0
235.0,445.0,658900.0
225.0,445.0,628400.0
705.0,425.0,1089000.0
715.0,425.0,1185500.0
685.0,425.0,914100.0
695.0,425.0,998600.0
745.0,425.0,1513600.0
725.0,425.0,1288300.0
735.0,425.0,1397600.0
625.0,425.0,812600.0
635.0,425.0,839600.0
605.0,425.0,749700.0
615.0,425.0,782500.0
665.0,425.0,898000.0
675.0,425.0,908600.0
645.0,425.0,863100.0
655.0,425.0,882700.0
115.0,435.0,1835800.0
105.0,435.0,1852900.0
95.0,435.0,1876100.0
85.0,435.0,1905600.0
135.0,435.0,1819100.0
125.0,435.0,1824600.0
35.0,435.0,2154600.0
25.0,435.0,2226100.0
15.0,435.0,2305300.0
5.0,435.0,2392400.0
75.0,435.0,1941600.0
65.0,435.0,1984300.0
55.0,435.0,2033900.0
45.0,435.0,2090600.0
175.0,435.0,635200.0
185.0,435.0,614700.0
195.0,435.0,602400.0
205.0,435.0,598300.0
215.0,435.0,594400.0
225.0,435.0,627700.0
415.0,435.0,1700.0
405.0,435.0,1400.0
435.0,435.0,2800.0
425.0,435.0,2300.0
455.0,435.0,8700.0
445.0,435.0,5300.0
475.0,435.0,19000.0
465.0,435.0,13200.0
375.0,435.0,2800.0
395.0,435.0,1500.0
385.0,435.0,1900.0
115.0,495.0,1378300.0
105.0,495.0,1478300.0
95.0,495.0,1584400.0
85.0,495.0,1696800.0
155.0,495.0,1035300.0
145.0,495.0,1112900.0
135.0,495.0,1195800.0
125.0,495.0,1284200.0
195.0,495.0,773900.0
185.0,495.0,832300.0
175.0,495.0,895200.0
165.0,495.0,962800.0
235.0,495.0,581300.0
225.0,495.0,623700.0
215.0,495.0,669800.0
205.0,495.0,719800.0
685.0,485.0,1404400.0
695.0,485.0,1438600.0
705.0,485.0,1468100.0
715.0,485.0,1492500.0
725.0,485.0,1511400.0
735.0,485.0,1524400.0
745.0,485.0,1531100.0
5.0,495.0,2856900.0
15.0,495.0,2676800.0
25.0,495.0,2514700.0
35.0,495.0,2360300.0
45.0,495.0,2213400.0
55.0,495.0,2073800.0
65.0,495.0,1941300.0
75.0,495.0,1815700.0
575.0,485.0,940200.0
595.0,485.0,951100.0
585.0,485.0,947400.0
615.0,485.0,1067000.0
605.0,485.0,1009600.0
635.0,485.0,1176900.0
625.0,485.0,1122900.0
655.0,485.0,1277600.0
645.0,485.0,1228600.0
675.0,485.0,1365900.0
665.0,485.0,1323500.0
425.0,485.0,23300.0
435.0,485.0,24300.0
385.0,485.0,20900.0
395.0,485.0,20500.0
485.0,485.0,61900.0
495.0,485.0,76400.0
465.0,485.0,43900.0
475.0,485.0,60400.0
445.0,485.0,25000.0
455.0,485.0,33900.0
85.0,485.0,1693200.0
95.0,485.0,1580800.0
105.0,485.0,1474700.0
115.0,485.0,1374700.0
45.0,485.0,2209800.0
55.0,485.0,2070200.0
65.0,485.0,1937700.0
75.0,485.0,1812100.0
165.0,485.0,959200.0
195.0,485.0,770300.0
125.0,485.0,1280600.0
135.0,485.0,1192200.0
145.0,485.0,1109300.0
155.0,485.0,1031700.0
695.0,475.0,1348100.0
685.0,475.0,1319600.0
715.0,475.0,1390000.0
705.0,475.0,1371700.0
655.0,475.0,1208700.0
645.0,475.0,1164600.0
675.0,475.0,1286600.0
665.0,475.0,1249500.0
15.0,485.0,2688800.0
5.0,485.0,2775900.0
35.0,485.0,2356700.0
25.0,485.0,2609600.0
735.0,475.0,1409100.0
725.0,475.0,1402600.0
745.0,475.0,1529600.0
595.0,475.0,908600.0
585.0,475.0,904900.0
575.0,475.0,897700.0
635.0,475.0,1117600.0
625.0,475.0,1068100.0
615.0,475.0,1016500.0
605.0,475.0,963200.0
425.0,475.0,16500.0
435.0,475.0,17000.0
405.0,475.0,14000.0
415.0,475.0,14700.0
465.0,475.0,39400.0
475.0,475.0,49100.0
445.0,475.0,23500.0
455.0,475.0,30900.0
385.0,475.0,14500.0
395.0,475.0,14100.0
375.0,475.0,15800.0
175.0,475.0,1017000.0
165.0,475.0,1021700.0
85.0,475.0,1688100.0
95.0,475.0,1575700.0
105.0,475.0,1469600.0
115.0,475.0,1369600.0
125.0,475.0,1275500.0
135.0,475.0,1187100.0
145.0,475.0,1104200.0
155.0,475.0,1026600.0
5.0,475.0,2696600.0
15.0,475.0,2609500.0
25.0,475.0,2530300.0
35.0,475.0,2458800.0
45.0,475.0,2394800.0
55.0,475.0,2338100.0
65.0,475.0,1932600.0
75.0,475.0,1807000.0
745.0,465.0,1527000.0
735.0,465.0,1407800.0
725.0,465.0,1295300.0
715.0,465.0,1289000.0
705.0,465.0,1276800.0
695.0,465.0,1259100.0
685.0,465.0,1236300.0
675.0,465.0,1208800.0
665.0,465.0,1177000.0
655.0,465.0,1141300.0
645.0,465.0,1102100.0
635.0,465.0,1059800.0
625.0,465.0,1014800.0
615.0,465.0,967500.0
605.0,465.0,918300.0
585.0,465.0,863900.0
595.0,465.0,867600.0
575.0,465.0,856700.0
485.0,465.0,39300.0
475.0,465.0,37800.0
415.0,465.0,9700.0
405.0,465.0,9100.0
425.0,465.0,11200.0
375.0,465.0,10500.0
365.0,465.0,12100.0
395.0,465.0,9200.0
385.0,465.0,10000.0
165.0,465.0,1082900.0
125.0,465.0,1269100.0
135.0,465.0,1180700.0
145.0,465.0,1097800.0
155.0,465.0,1087800.0
415.0,525.0,69200.0
425.0,525.0,69500.0
455.0,525.0,79600.0
475.0,525.0,124600.0
465.0,525.0,82900.0
495.0,525.0,138900.0
485.0,525.0,132100.0
515.0,525.0,148800.0
505.0,525.0,144600.0
565.0,525.0,1118700.0
575.0,525.0,1129200.0
585.0,525.0,1136400.0
595.0,525.0,1140100.0
605.0,525.0,1214200.0
615.0,525.0,1288000.0
625.0,525.0,1361100.0
635.0,525.0,1433100.0
645.0,525.0,1503600.0
655.0,525.0,1572200.0
665.0,525.0,1638500.0
675.0,525.0,1702100.0
75.0,525.0,1881300.0
65.0,525.0,2011300.0
55.0,525.0,2148200.0
45.0,525.0,2292200.0
115.0,525.0,1426300.0
105.0,525.0,1530700.0
95.0,525.0,1641200.0
85.0,525.0,1758000.0
155.0,525.0,1065700.0
145.0,525.0,1147700.0
135.0,525.0,1235000.0
125.0,525.0,1327800.0
195.0,525.0,786700.0
185.0,525.0,849500.0
175.0,525.0,916800.0
165.0,525.0,988800.0
205.0,525.0,728200.0
265.0,525.0,474100.0
275.0,525.0,434900.0
305.0,525.0,332700.0
315.0,525.0,303100.0
285.0,525.0,398400.0
295.0,525.0,364400.0
345.0,525.0,224900.0
325.0,525.0,275400.0
335.0,525.0,249400.0
495.0,515.0,116400.0
485.0,515.0,111300.0
515.0,515.0,122300.0
505.0,515.0,120200.0
615.0,515.0,1229500.0
605.0,515.0,1159800.0
635.0,515.0,1365800.0
625.0,515.0,1298300.0
575.0,515.0,1078700.0
565.0,515.0,1068200.0
595.0,515.0,1089600.0
585.0,515.0,1085900.0
685.0,515.0,1669800.0
695.0,515.0,1721100.0
705.0,515.0,1768300.0
715.0,515.0,1811000.0
645.0,515.0,1431600.0
655.0,515.0,1495300.0
665.0,515.0,1556500.0
675.0,515.0,1614800.0
5.0,525.0,2943200.0
15.0,525.0,2768800.0
25.0,525.0,2602300.0
35.0,525.0,2443500.0
725.0,515.0,1848800.0
735.0,515.0,1881300.0
745.0,515.0,1908100.0
215.0,515.0,673800.0
205.0,515.0,725900.0
195.0,515.0,782100.0
185.0,515.0,842600.0
175.0,515.0,907600.0
165.0,515.0,977300.0
305.0,515.0,325200.0
295.0,515.0,356900.0
285.0,515.0,390900.0
275.0,515.0,427400.0
265.0,515.0,466600.0
255.0,515.0,508700.0
465.0,515.0,64900.0
475.0,515.0,105300.0
445.0,515.0,60000.0
455.0,515.0,62700.0
425.0,515.0,54700.0
435.0,515.0,57200.0
685.0,505.0,1579300.0
695.0,505.0,1624900.0
705.0,505.0,1666200.0
715.0,505.0,1702800.0
725.0,505.0,1734300.0
735.0,505.0,1760300.0
745.0,505.0,1780400.0
605.0,505.0,1107700.0
615.0,505.0,1173300.0
625.0,505.0,1237800.0
635.0,505.0,1300800.0
645.0,505.0,1361900.0
655.0,505.0,1420700.0
665.0,505.0,1476800.0
675.0,505.0,1529800.0
95.0,515.0,1613600.0
85.0,515.0,1728100.0
115.0,515.0,1403300.0
105.0,515.0,1505400.0
135.0,515.0,1216600.0
125.0,515.0,1307100.0
155.0,515.0,1051900.0
145.0,515.0,1131600.0
15.0,515.0,2722800.0
5.0,515.0,2894900.0
35.0,515.0,2402100.0
25.0,515.0,2558600.0
55.0,515.0,2111400.0
45.0,515.0,2253100.0
75.0,515.0,1849100.0
65.0,515.0,1976800.0
425.0,505.0,42200.0
435.0,505.0,44200.0
595.0,505.0,1041400.0
585.0,505.0,1037700.0
575.0,505.0,1030500.0
475.0,505.0,88300.0
465.0,505.0,49200.0
455.0,505.0,48100.0
445.0,505.0,46300.0
515.0,505.0,120200.0
505.0,505.0,98100.0
495.0,505.0,96200.0
485.0,505.0,92800.0
85.0,505.0,1698700.0
95.0,505.0,1586300.0
105.0,505.0,1480200.0
115.0,505.0,1380200.0
45.0,505.0,2215300.0
55.0,505.0,2075700.0
65.0,505.0,1943200.0
75.0,505.0,1817600.0
5.0,505.0,2848700.0
15.0,505.0,2678700.0
25.0,505.0,2516600.0
35.0,505.0,2362200.0
725.0,495.0,1621900.0
735.0,495.0,1641400.0
745.0,495.0,1654800.0
255.0,505.0,499100.0
245.0,505.0,544300.0
265.0,505.0,457000.0
215.0,505.0,671700.0
205.0,505.0,721700.0
235.0,505.0,583200.0
225.0,505.0,625600.0
175.0,505.0,897100.0
165.0,505.0,964700.0
195.0,505.0,775800.0
185.0,505.0,834200.0
135.0,505.0,1197700.0
125.0,505.0,1286100.0
155.0,505.0,1037200.0
145.0,505.0,1114800.0
525.0,495.0,138900.0
505.0,495.0,96200.0
515.0,495.0,116400.0
485.0,495.0,76400.0
495.0,495.0,78100.0
465.0,495.0,47300.0
475.0,495.0,73400.0
445.0,495.0,34700.0
455.0,495.0,35600.0
425.0,495.0,31800.0
435.0,495.0,33300.0
715.0,495.0,1596700.0
705.0,495.0,1566200.0
695.0,495.0,1530800.0
685.0,495.0,1490900.0
675.0,495.0,1446900.0
665.0,495.0,1399200.0
655.0,495.0,1348200.0
645.0,495.0,1294300.0
635.0,495.0,1237900.0
625.0,495.0,1179400.0
615.0,495.0,1119200.0
605.0,495.0,1057700.0
595.0,495.0,995300.0
585.0,495.0,991600.0
575.0,495.0,984400.0
685.0,565.0,2160800.0
695.0,565.0,2240600.0
705.0,565.0,2317300.0
715.0,565.0,2390500.0
725.0,565.0,2459800.0
735.0,565.0,2524800.0
745.0,565.0,2585100.0
5.0,575.0,3202200.0
15.0,575.0,3013300.0
25.0,575.0,2832300.0
35.0,575.0,2659000.0
45.0,575.0,2493200.0
55.0,575.0,2334700.0
65.0,575.0,2183300.0
75.0,575.0,2038800.0
555.0,565.0,1334100.0
575.0,565.0,1358200.0
565.0,565.0,1347700.0
595.0,565.0,1369100.0
585.0,565.0,1365400.0
615.0,565.0,1549000.0
605.0,565.0,1458800.0
635.0,565.0,1729300.0
625.0,565.0,1639300.0
655.0,565.0,1906800.0
645.0,565.0,1818600.0
675.0,565.0,2078300.0
665.0,565.0,1993500.0
385.0,565.0,154700.0
395.0,565.0,154700.0
365.0,565.0,208400.0
375.0,565.0,181200.0
425.0,565.0,155700.0
435.0,565.0,156200.0
405.0,565.0,155000.0
415.0,565.0,155400.0
445.0,565.0,183400.0
455.0,565.0,211500.0
205.0,565.0,972800.0
295.0,565.0,407300.0
285.0,565.0,447300.0
355.0,565.0,236500.0
345.0,565.0,265700.0
605.0,575.0,1527700.0
615.0,575.0,1622000.0
625.0,575.0,1716600.0
635.0,575.0,1811100.0
565.0,575.0,1412700.0
575.0,575.0,1423200.0
585.0,575.0,1430400.0
595.0,575.0,1434100.0
685.0,575.0,2268100.0
695.0,575.0,2353600.0
705.0,575.0,2436200.0
715.0,575.0,2515500.0
645.0,575.0,1905100.0
655.0,575.0,1998200.0
665.0,575.0,2090000.0
675.0,575.0,2180100.0
455.0,575.0,218100.0
445.0,575.0,186700.0
475.0,575.0,284400.0
465.0,575.0,250600.0
415.0,575.0,184700.0
405.0,575.0,184300.0
435.0,575.0,186000.0
425.0,575.0,185000.0
555.0,575.0,1399100.0
495.0,575.0,356700.0
485.0,575.0,319700.0
245.0,575.0,3607100.0
255.0,575.0,3604000.0
385.0,575.0,184000.0
395.0,575.0,184000.0
155.0,575.0,1107200.0
145.0,575.0,1203700.0
135.0,575.0,1305500.0
125.0,575.0,1412800.0
115.0,575.0,1525800.0
105.0,575.0,1644700.0
95.0,575.0,1769700.0
85.0,575.0,1901000.0
235.0,575.0,3613500.0
195.0,575.0,1045800.0
185.0,575.0,1054200.0
175.0,575.0,1067100.0
165.0,575.0,1084700.0
535.0,585.0,1572600.0
555.0,585.0,1467600.0
575.0,585.0,1491700.0
565.0,585.0,1481200.0
595.0,585.0,1502600.0
585.0,585.0,1498900.0
455.0,585.0,221600.0
445.0,585.0,220700.0
475.0,585.0,294900.0
465.0,585.0,257600.0
485.0,585.0,333700.0
425.0,585.0,217800.0
435.0,585.0,219300.0
285.0,585.0,3594600.0
295.0,585.0,3642800.0
235.0,585.0,3562100.0
275.0,585.0,3544100.0
265.0,585.0,3546800.0
255.0,585.0,3552600.0
245.0,585.0,3555700.0
155.0,585.0,1179600.0
145.0,585.0,1207200.0
135.0,585.0,1312500.0
125.0,585.0,1423300.0
195.0,585.0,1122300.0
185.0,585.0,1126600.0
175.0,585.0,1139500.0
165.0,585.0,1157100.0
65.0,585.0,2214800.0
75.0,585.0,2066800.0
45.0,585.0,2531700.0
55.0,585.0,2369700.0
105.0,585.0,1662200.0
115.0,585.0,1539800.0
85.0,585.0,1925500.0
95.0,585.0,1790700.0
745.0,575.0,2729600.0
725.0,575.0,2591100.0
735.0,575.0,2662600.0
25.0,585.0,2877800.0
35.0,585.0,2701000.0
5.0,585.0,3254700.0
15.0,585.0,3062300.0
455.0,595.0,260200.0
445.0,595.0,258400.0
475.0,595.0,302300.0
465.0,595.0,261300.0
435.0,595.0,256300.0
425.0,595.0,254300.0
285.0,595.0,3598300.0
295.0,595.0,3646500.0
245.0,595.0,3500800.0
255.0,595.0,3497700.0
265.0,595.0,3494800.0
275.0,595.0,3547800.0
225.0,595.0,3517100.0
235.0,595.0,3507200.0
165.0,595.0,1233200.0
175.0,595.0,1215600.0
185.0,595.0,1206800.0
195.0,595.0,1202500.0
155.0,595.0,1255700.0
145.0,595.0,1283300.0
135.0,595.0,1316200.0
125.0,595.0,1430700.0
115.0,595.0,1550900.0
105.0,595.0,1677000.0
95.0,595.0,1809200.0
85.0,595.0,1947700.0
75.0,595.0,2092700.0
65.0,595.0,2244400.0
55.0,595.0,2403000.0
45.0,595.0,2568700.0
35.0,595.0,2741700.0
25.0,595.0,2922200.0
15.0,595.0,3110400.0
5.0,595.0,3306500.0
745.0,585.0,2877600.0
725.0,585.0,2725900.0
735.0,585.0,2803900.0
705.0,585.0,2558600.0
715.0,585.0,2644000.0
685.0,585.0,2378900.0
695.0,585.0,2470100.0
665.0,585.0,2190000.0
675.0,585.0,2285400.0
645.0,585.0,1995100.0
655.0,585.0,2093100.0
625.0,585.0,1797400.0
635.0,585.0,1896400.0
605.0,585.0,1600100.0
615.0,585.0,1698500.0
275.0,535.0,440100.0
265.0,535.0,479300.0
315.0,535.0,308300.0
305.0,535.0,337900.0
295.0,535.0,369600.0
285.0,535.0,403600.0
355.0,535.0,206900.0
345.0,535.0,230100.0
335.0,535.0,254600.0
325.0,535.0,280600.0
395.0,535.0,123100.0
385.0,535.0,143100.0
375.0,535.0,163600.0
365.0,535.0,184800.0
425.0,535.0,86800.0
415.0,535.0,86500.0
465.0,535.0,103400.0
475.0,535.0,146400.0
455.0,535.0,99000.0
505.0,535.0,171500.0
485.0,535.0,155400.0
495.0,535.0,163900.0
695.0,525.0,1819600.0
685.0,525.0,1762600.0
715.0,525.0,1921500.0
705.0,525.0,1872700.0
735.0,525.0,2004600.0
725.0,525.0,1965600.0
745.0,525.0,2038100.0
15.0,535.0,2816300.0
5.0,535.0,2993200.0
35.0,535.0,2486000.0
25.0,535.0,2647300.0
55.0,535.0,2185700.0
45.0,535.0,2332200.0
75.0,535.0,1913800.0
65.0,535.0,2046300.0
85.0,535.0,1788000.0
95.0,535.0,1668700.0
105.0,535.0,1555700.0
115.0,535.0,1448800.0
125.0,535.0,1347800.0
135.0,535.0,1252500.0
145.0,535.0,1162700.0
155.0,535.0,1078200.0
165.0,535.0,998800.0
175.0,535.0,924300.0
185.0,535.0,854500.0
195.0,535.0,789200.0
205.0,535.0,785100.0
195.0,545.0,848800.0
185.0,545.0,857200.0
175.0,545.0,929700.0
165.0,545.0,1006900.0
155.0,545.0,1089000.0
145.0,545.0,1176200.0
135.0,545.0,1268700.0
125.0,545.0,1366700.0
275.0,545.0,442800.0
265.0,545.0,482000.0
255.0,545.0,524100.0
205.0,545.0,844700.0
345.0,545.0,232800.0
355.0,545.0,209600.0
325.0,545.0,283300.0
335.0,545.0,257300.0
305.0,545.0,340600.0
315.0,545.0,311000.0
285.0,545.0,406300.0
295.0,545.0,372300.0
425.0,545.0,106800.0
405.0,545.0,106100.0
415.0,545.0,106500.0
385.0,545.0,145800.0
395.0,545.0,125800.0
365.0,545.0,187500.0
375.0,545.0,166300.0
615.0,535.0,1349000.0
605.0,535.0,1271100.0
635.0,535.0,1502900.0
625.0,535.0,1426400.0
575.0,535.0,1182200.0
565.0,535.0,1171700.0
595.0,535.0,1193100.0
585.0,535.0,1189400.0
695.0,535.0,1920600.0
685.0,535.0,1857900.0
715.0,535.0,2034500.0
705.0,535.0,1979600.0
655.0,535.0,1651600.0
645.0,535.0,1578100.0
675.0,535.0,1791900.0
665.0,535.0,1723000.0
5.0,545.0,3044500.0
15.0,545.0,2864900.0
25.0,545.0,2693200.0
35.0,545.0,2529200.0
725.0,535.0,2084900.0
735.0,535.0,2130400.0
745.0,535.0,2170600.0
85.0,545.0,1817700.0
95.0,545.0,1695700.0
105.0,545.0,1580000.0
115.0,545.0,1470400.0
45.0,545.0,2372700.0
55.0,545.0,2223500.0
65.0,545.0,2081400.0
75.0,545.0,1946200.0
105.0,555.0,1603200.0
115.0,555.0,1490700.0
85.0,555.0,1846700.0
95.0,555.0,1721800.0
145.0,555.0,1187800.0
155.0,555.0,1097700.0
125.0,555.0,1384100.0
135.0,555.0,1283200.0
25.0,555.0,2739600.0
35.0,555.0,2572700.0
5.0,555.0,3096700.0
15.0,555.0,2914200.0
65.0,555.0,2116200.0
75.0,555.0,1978100.0
45.0,555.0,2413300.0
55.0,555.0,2261200.0
275.0,555.0,480500.0
265.0,555.0,522600.0
255.0,555.0,567600.0
245.0,555.0,615700.0
315.0,555.0,337100.0
305.0,555.0,369600.0
295.0,555.0,404200.0
285.0,555.0,441100.0
195.0,555.0,911300.0
185.0,555.0,919700.0
175.0,555.0,932600.0
165.0,555.0,1012700.0
205.0,555.0,907200.0
565.0,545.0,1227400.0
575.0,545.0,1237900.0
585.0,545.0,1245100.0
595.0,545.0,1248800.0
495.0,545.0,191600.0
505.0,545.0,201100.0
695.0,545.0,2024300.0
685.0,545.0,1955900.0
715.0,545.0,2150200.0
705.0,545.0,2089200.0
735.0,545.0,2258900.0
725.0,545.0,2206900.0
745.0,545.0,2305800.0
615.0,545.0,1412700.0
605.0,545.0,1330700.0
635.0,545.0,1575400.0
625.0,545.0,1494400.0
655.0,545.0,1733700.0
645.0,545.0,1655300.0
675.0,545.0,1884400.0
665.0,545.0,1810200.0
25.0,565.0,2786100.0
35.0,565.0,2616100.0
5.0,565.0,3149400.0
15.0,565.0,2963800.0
745.0,555.0,2443900.0
725.0,555.0,2331800.0
735.0,555.0,2390300.0
705.0,555.0,2201700.0
715.0,555.0,2268800.0
685.0,555.0,2056800.0
695.0,555.0,2130900.0
665.0,555.0,1900300.0
675.0,555.0,1979800.0
645.0,555.0,1735400.0
655.0,555.0,1818700.0
195.0,565.0,976900.0
185.0,565.0,985300.0
175.0,565.0,998200.0
165.0,565.0,1015800.0
155.0,565.0,1103900.0
145.0,565.0,1197100.0
135.0,565.0,1295600.0
125.0,565.0,1399600.0
115.0,565.0,1509300.0
105.0,565.0,1624900.0
95.0,565.0,1746600.0
85.0,565.0,1874600.0
75.0,565.0,2009100.0
65.0,565.0,2150300.0
55.0,565.0,2298400.0
45.0,565.0,2453600.0
405.0,555.0,129000.0
415.0,555.0,129400.0
425.0,555.0,129700.0
365.0,555.0,199100.0
375.0,555.0,175000.0
385.0,555.0,151600.0
395.0,555.0,128700.0
325.0,555.0,306500.0
335.0,555.0,277600.0
345.0,555.0,250200.0
355.0,555.0,224100.0
615.0,555.0,1479300.0
605.0,555.0,1393200.0
635.0,555.0,1650800.0
625.0,555.0,1565300.0
575.0,555.0,1296500.0
565.0,555.0,1286000.0
595.0,555.0,1307400.0
585.0,555.0,1303700.0
555.0,555.0,1272400.0
225.0,635.0,3352200.0
235.0,635.0,3257300.0
215.0,635.0,3445900.0
185.0,635.0,1581500.0
165.0,635.0,1595200.0
175.0,635.0,1586000.0
305.0,635.0,3214100.0
285.0,635.0,3220800.0
295.0,635.0,3216200.0
265.0,635.0,3239100.0
275.0,635.0,3228300.0
245.0,635.0,3248000.0
255.0,635.0,3242000.0
75.0,635.0,2167300.0
65.0,635.0,2335800.0
55.0,635.0,2511200.0
45.0,635.0,2693700.0
35.0,635.0,2883500.0
25.0,635.0,3080800.0
15.0,635.0,3285800.0
5.0,635.0,3498700.0
155.0,635.0,1609300.0
145.0,635.0,1632800.0
135.0,635.0,1661600.0
125.0,635.0,1700000.0
115.0,635.0,1744100.0
105.0,635.0,1794100.0
95.0,635.0,1850200.0
85.0,635.0,2005500.0
525.0,635.0,1812200.0
535.0,635.0,1833900.0
545.0,635.0,1853100.0
555.0,635.0,1869600.0
515.0,635.0,1788200.0
605.0,635.0,2021600.0
615.0,635.0,2140500.0
625.0,635.0,2260900.0
635.0,635.0,2382400.0
565.0,635.0,1883200.0
575.0,635.0,1893700.0
585.0,635.0,1900900.0
595.0,635.0,1904600.0
375.0,635.0,3695500.0
365.0,635.0,3632100.0
385.0,635.0,3758400.0
335.0,635.0,3436900.0
355.0,635.0,3568000.0
345.0,635.0,3503000.0
445.0,635.0,450200.0
435.0,635.0,445300.0
425.0,635.0,441300.0
65.0,645.0,2349900.0
75.0,645.0,2176700.0
45.0,645.0,2717200.0
55.0,645.0,2530000.0
105.0,645.0,1891700.0
115.0,645.0,1841700.0
85.0,645.0,2010200.0
95.0,645.0,1947800.0
145.0,645.0,1734500.0
155.0,645.0,1715300.0
125.0,645.0,1797600.0
135.0,645.0,1763300.0
165.0,645.0,1701200.0
175.0,645.0,1692000.0
675.0,635.0,2871400.0
665.0,635.0,2749500.0
655.0,635.0,2627100.0
645.0,635.0,2504600.0
715.0,635.0,3346000.0
705.0,635.0,3230100.0
695.0,635.0,3112100.0
685.0,635.0,2992400.0
745.0,635.0,3677100.0
735.0,635.0,3569900.0
725.0,635.0,3459400.0
35.0,645.0,2911700.0
25.0,645.0,3113700.0
15.0,645.0,3323400.0
5.0,645.0,3541000.0
365.0,645.0,3641700.0
375.0,645.0,3705100.0
415.0,645.0,499000.0
425.0,645.0,499300.0
435.0,645.0,503800.0
495.0,645.0,1921500.0
505.0,645.0,1855800.0
515.0,645.0,1881900.0
215.0,645.0,3450600.0
235.0,645.0,3266900.0
225.0,645.0,3356900.0
255.0,645.0,3169500.0
245.0,645.0,3175500.0
275.0,645.0,3158500.0
265.0,645.0,3166600.0
295.0,645.0,3151200.0
285.0,645.0,3153500.0
315.0,645.0,3310200.0
305.0,645.0,3239600.0
335.0,645.0,3446500.0
325.0,645.0,3379100.0
355.0,645.0,3577600.0
345.0,645.0,3512600.0
75.0,655.0,2181600.0
65.0,655.0,2359700.0
55.0,655.0,2544700.0
45.0,655.0,2736800.0
35.0,655.0,2936200.0
25.0,655.0,3143100.0
15.0,655.0,3357700.0
5.0,655.0,3580200.0
745.0,645.0,3850300.0
735.0,645.0,3736400.0
725.0,645.0,3619400.0
715.0,645.0,3499700.0
705.0,645.0,3377700.0
695.0,645.0,3253800.0
685.0,645.0,3128400.0
665.0,645.0,2874700.0
675.0,645.0,3001900.0
645.0,645.0,2619800.0
655.0,645.0,2747200.0
625.0,645.0,2366900.0
635.0,645.0,2492900.0
605.0,645.0,2119200.0
615.0,645.0,2242200.0
585.0,645.0,1994600.0
595.0,645.0,1998300.0
565.0,645.0,1976900.0
575.0,645.0,1987400.0
545.0,645.0,1946800.0
555.0,645.0,1963300.0
525.0,645.0,1905900.0
535.0,645.0,1927600.0
375.0,655.0,3710000.0
365.0,655.0,3646600.0
385.0,655.0,3772900.0
335.0,655.0,3451400.0
325.0,655.0,3384000.0
355.0,655.0,3582500.0
345.0,655.0,3517500.0
295.0,655.0,3172000.0
285.0,655.0,3081500.0
315.0,655.0,3315100.0
305.0,655.0,3244500.0
255.0,655.0,3092300.0
245.0,655.0,3180400.0
275.0,655.0,3084000.0
265.0,655.0,3089400.0
165.0,655.0,1812100.0
175.0,655.0,1807400.0
125.0,655.0,1904200.0
135.0,655.0,1869900.0
145.0,655.0,1845400.0
155.0,655.0,1826200.0
85.0,655.0,2112700.0
95.0,655.0,2050300.0
105.0,655.0,1994200.0
115.0,655.0,1944200.0
675.0,655.0,3137300.0
665.0,655.0,3004800.0
655.0,655.0,2872200.0
645.0,655.0,2739900.0
715.0,655.0,3658300.0
705.0,655.0,3530200.0
695.0,655.0,3400400.0
685.0,655.0,3269300.0
595.0,655.0,2096900.0
585.0,655.0,2093200.0
575.0,655.0,2086000.0
565.0,655.0,2075500.0
635.0,655.0,2608300.0
625.0,655.0,2477800.0
615.0,655.0,2348800.0
605.0,655.0,2221700.0
505.0,655.0,1954400.0
515.0,655.0,1980500.0
485.0,655.0,1995300.0
495.0,655.0,1926400.0
545.0,655.0,2045400.0
555.0,655.0,2061900.0
525.0,655.0,2004500.0
535.0,655.0,2026200.0
425.0,655.0,562200.0
415.0,655.0,561900.0
275.0,665.0,3004600.0
265.0,665.0,3007300.0
135.0,665.0,1985900.0
125.0,665.0,2015900.0
155.0,665.0,1942200.0
145.0,665.0,1961400.0
175.0,665.0,1927900.0
165.0,665.0,1932600.0
45.0,665.0,2752100.0
55.0,665.0,2554900.0
65.0,665.0,2364800.0
75.0,665.0,2289200.0
85.0,665.0,2220300.0
95.0,665.0,2157900.0
105.0,665.0,2101800.0
115.0,665.0,2055900.0
725.0,655.0,3784300.0
735.0,655.0,3907800.0
745.0,655.0,4028400.0
5.0,665.0,3615900.0
15.0,665.0,3388300.0
25.0,665.0,3168600.0
35.0,665.0,2956600.0
535.0,595.0,1576300.0
525.0,595.0,1626800.0
555.0,595.0,1539800.0
545.0,595.0,1523300.0
485.0,595.0,344800.0
615.0,595.0,1778700.0
605.0,595.0,1676200.0
635.0,595.0,1985400.0
625.0,595.0,1881900.0
575.0,595.0,1563900.0
565.0,595.0,1553400.0
595.0,595.0,1574800.0
585.0,595.0,1571100.0
685.0,595.0,2493400.0
695.0,595.0,2590300.0
705.0,595.0,2684700.0
715.0,595.0,2776200.0
645.0,595.0,2088800.0
655.0,595.0,2191700.0
665.0,595.0,2293700.0
675.0,595.0,2394400.0
5.0,605.0,3357200.0
15.0,605.0,3157200.0
25.0,605.0,2965100.0
35.0,605.0,2780700.0
725.0,595.0,2864400.0
735.0,595.0,2948900.0
745.0,595.0,3029300.0
115.0,605.0,1558700.0
105.0,605.0,1688700.0
95.0,605.0,1824800.0
85.0,605.0,1967200.0
75.0,605.0,2116100.0
65.0,605.0,2271700.0
55.0,605.0,2434200.0
45.0,605.0,2603800.0
185.0,605.0,1290900.0
175.0,605.0,1299700.0
165.0,605.0,1313200.0
155.0,605.0,1335700.0
145.0,605.0,1363300.0
135.0,605.0,1396200.0
125.0,605.0,1434600.0
245.0,605.0,3442200.0
255.0,605.0,3439100.0
225.0,605.0,3461400.0
235.0,605.0,3448600.0
345.0,605.0,3580200.0
355.0,605.0,3578000.0
365.0,605.0,3577100.0
435.0,605.0,297200.0
425.0,605.0,294700.0
455.0,605.0,302700.0
445.0,605.0,300000.0
475.0,605.0,306200.0
465.0,605.0,304900.0
525.0,605.0,1634600.0
535.0,605.0,1580200.0
545.0,605.0,1599400.0
555.0,605.0,1615900.0
565.0,605.0,1629500.0
575.0,605.0,1640000.0
585.0,605.0,1647200.0
595.0,605.0,1650900.0
605.0,605.0,1756200.0
615.0,605.0,1862800.0
625.0,605.0,1970300.0
635.0,605.0,2078300.0
645.0,605.0,2186400.0
655.0,605.0,2294200.0
665.0,605.0,2401300.0
675.0,605.0,2507300.0
715.0,605.0,2912300.0
705.0,605.0,2814700.0
695.0,605.0,2714400.0
685.0,605.0,2611800.0
745.0,605.0,3184900.0
735.0,605.0,3097800.0
725.0,605.0,3006800.0
35.0,615.0,2817600.0
25.0,615.0,3006100.0
15.0,615.0,3202300.0
5.0,615.0,3406400.0
75.0,615.0,2136600.0
65.0,615.0,2296300.0
55.0,615.0,2462900.0
45.0,615.0,2636600.0
105.0,615.0,1696900.0
115.0,615.0,1562800.0
85.0,615.0,1983600.0
95.0,615.0,1837100.0
145.0,615.0,1447400.0
155.0,615.0,1419800.0
125.0,615.0,1518700.0
135.0,615.0,1480300.0
185.0,615.0,1383400.0
165.0,615.0,1401400.0
175.0,615.0,1387900.0
225.0,615.0,3401800.0
235.0,615.0,3389000.0
215.0,615.0,3418300.0
365.0,615.0,3599600.0
375.0,615.0,3663000.0
385.0,615.0,3725900.0
395.0,615.0,3788500.0
345.0,615.0,3536600.0
355.0,615.0,3535500.0
245.0,615.0,3379700.0
255.0,615.0,3376600.0
535.0,615.0,1660400.0
555.0,615.0,1696100.0
545.0,615.0,1679600.0
455.0,615.0,349300.0
445.0,615.0,345700.0
465.0,615.0,352600.0
405.0,615.0,3832600.0
435.0,615.0,342200.0
425.0,615.0,339200.0
705.0,615.0,2948800.0
715.0,615.0,3052500.0
685.0,615.0,2734300.0
695.0,615.0,2842600.0
665.0,615.0,2513000.0
675.0,615.0,2624300.0
645.0,615.0,2288100.0
655.0,615.0,2400800.0
625.0,615.0,2062800.0
635.0,615.0,2175300.0
605.0,615.0,1840300.0
615.0,615.0,1951000.0
585.0,615.0,1727400.0
595.0,615.0,1731100.0
565.0,615.0,1709700.0
575.0,615.0,1720200.0
115.0,625.0,1651200.0
105.0,625.0,1701200.0
95.0,625.0,1845700.0
85.0,625.0,1996500.0
75.0,625.0,2153800.0
65.0,625.0,2317800.0
55.0,625.0,2488700.0
45.0,625.0,2666700.0
35.0,625.0,2852000.0
25.0,625.0,3044800.0
15.0,625.0,3245300.0
5.0,625.0,3453700.0
745.0,615.0,3344600.0
735.0,615.0,3250800.0
725.0,615.0,3153300.0
215.0,625.0,3436700.0
225.0,625.0,3338100.0
235.0,625.0,3325300.0
245.0,625.0,3316000.0
255.0,625.0,3310000.0
125.0,625.0,1607100.0
135.0,625.0,1568700.0
145.0,625.0,1535800.0
155.0,625.0,1512300.0
165.0,625.0,1493900.0
175.0,625.0,1484700.0
185.0,625.0,1480200.0
375.0,625.0,3681400.0
365.0,625.0,3618000.0
385.0,625.0,3744300.0
435.0,625.0,391500.0
425.0,625.0,388000.0
355.0,625.0,3553900.0
345.0,625.0,3488900.0
545.0,625.0,1764100.0
555.0,625.0,1780600.0
525.0,625.0,1723200.0
535.0,625.0,1744900.0
585.0,625.0,1811900.0
595.0,625.0,1815600.0
565.0,625.0,1794200.0
575.0,625.0,1804700.0
445.0,625.0,395700.0
455.0,625.0,400200.0
715.0,625.0,3197000.0
705.0,625.0,3087200.0
695.0,625.0,2975100.0
685.0,625.0,2861100.0
745.0,625.0,3508600.0
735.0,625.0,3408100.0
725.0,625.0,3304100.0
635.0,625.0,2276600.0
625.0,625.0,2159600.0
615.0,625.0,2043500.0
605.0,625.0,1928700.0
675.0,625.0,2745600.0
665.0,625.0,2629000.0
655.0,625.0,2511700.0
645.0,625.0,2394100.0
285.0,715.0,3254900.0
295.0,715.0,3363100.0
305.0,715.0,3469200.0
315.0,715.0,3573400.0
245.0,715.0,2797100.0
255.0,715.0,2915700.0
265.0,715.0,3031400.0
275.0,715.0,3144400.0
205.0,715.0,2561900.0
215.0,715.0,2554100.0
225.0,715.0,2550400.0
235.0,715.0,2675400.0
165.0,715.0,2618600.0
175.0,715.0,2613900.0
185.0,715.0,2591400.0
195.0,715.0,2574200.0
135.0,715.0,2662900.0
125.0,715.0,2688400.0
155.0,715.0,2628200.0
145.0,715.0,2642900.0
95.0,715.0,2804400.0
85.0,715.0,2858400.0
115.0,715.0,2719600.0
105.0,715.0,2756700.0
55.0,715.0,3068800.0
45.0,715.0,3158400.0
75.0,715.0,2918900.0
65.0,715.0,2990400.0
15.0,715.0,3471800.0
5.0,715.0,3727900.0
35.0,715.0,3255300.0
25.0,715.0,3359700.0
745.0,705.0,4999400.0
725.0,705.0,4689300.0
735.0,705.0,4845300.0
705.0,705.0,4373200.0
715.0,705.0,4531800.0
685.0,705.0,4054300.0
695.0,705.0,4213900.0
665.0,705.0,3735800.0
675.0,705.0,3894800.0
645.0,705.0,3420900.0
655.0,705.0,3577700.0
625.0,705.0,3112800.0
635.0,705.0,3265800.0
605.0,705.0,2814700.0
615.0,705.0,2962300.0
595.0,705.0,2670400.0
585.0,705.0,2666700.0
575.0,705.0,2659500.0
565.0,705.0,2649000.0
555.0,705.0,2635400.0
545.0,705.0,2618900.0
535.0,705.0,2599700.0
525.0,705.0,2578000.0
515.0,705.0,2554000.0
505.0,705.0,2527900.0
495.0,705.0,2499900.0
485.0,705.0,2470200.0
475.0,705.0,2439000.0
465.0,705.0,2406500.0
455.0,705.0,2372900.0
445.0,705.0,2338400.0
365.0,705.0,3981400.0
375.0,705.0,2971200.0
385.0,705.0,2880300.0
395.0,705.0,2789900.0
405.0,705.0,2699800.0
415.0,705.0,2609800.0
425.0,705.0,2519700.0
435.0,705.0,2429300.0
285.0,705.0,3212200.0
295.0,705.0,3314300.0
305.0,705.0,3414300.0
315.0,705.0,3512400.0
325.0,705.0,3608800.0
335.0,705.0,3703700.0
345.0,705.0,3797300.0
355.0,705.0,3889800.0
215.0,705.0,2421900.0
205.0,705.0,2425800.0
235.0,705.0,2663200.0
225.0,705.0,2544300.0
255.0,705.0,2891300.0
245.0,705.0,2778800.0
275.0,705.0,3107800.0
265.0,705.0,3000900.0
135.0,705.0,2513900.0
125.0,705.0,2539400.0
155.0,705.0,2479200.0
145.0,705.0,2493900.0
175.0,705.0,2464900.0
165.0,705.0,2469600.0
195.0,705.0,2434000.0
185.0,705.0,2446900.0
65.0,705.0,2850200.0
75.0,705.0,2778700.0
45.0,705.0,3022300.0
55.0,705.0,2932700.0
105.0,705.0,2612200.0
115.0,705.0,2570600.0
85.0,705.0,2713900.0
95.0,705.0,2659900.0
745.0,695.0,4793800.0
725.0,695.0,4496900.0
735.0,695.0,4646400.0
25.0,705.0,3223600.0
35.0,705.0,3119200.0
5.0,705.0,3715700.0
15.0,705.0,3465700.0
675.0,695.0,3731900.0
665.0,695.0,3578200.0
655.0,695.0,3425200.0
645.0,695.0,3273300.0
715.0,695.0,4345700.0
705.0,695.0,4193200.0
695.0,695.0,4039800.0
685.0,695.0,3885900.0
595.0,695.0,2544300.0
585.0,695.0,2540600.0
575.0,695.0,2533400.0
565.0,695.0,2522900.0
635.0,695.0,3122900.0
625.0,695.0,2974400.0
615.0,695.0,2828200.0
605.0,695.0,2684700.0
735.0,725.0,5261600.0
725.0,725.0,5092600.0
745.0,725.0,5429100.0
695.0,725.0,4580600.0
685.0,725.0,4409600.0
715.0,725.0,4922500.0
705.0,725.0,4751700.0
55.0,735.0,3368300.0
45.0,735.0,3453800.0
75.0,735.0,3227000.0
65.0,735.0,3294200.0
15.0,735.0,3763100.0
5.0,735.0,3883100.0
35.0,735.0,3546600.0
25.0,735.0,3651000.0
565.0,725.0,2919700.0
575.0,725.0,2930200.0
585.0,725.0,2937400.0
595.0,725.0,2941100.0
525.0,725.0,2848700.0
535.0,725.0,2870400.0
545.0,725.0,2889600.0
555.0,725.0,2906100.0
645.0,725.0,3734600.0
655.0,725.0,3901200.0
665.0,725.0,4069500.0
675.0,725.0,4239100.0
605.0,725.0,3093200.0
615.0,725.0,3249000.0
625.0,725.0,3408100.0
635.0,725.0,3570100.0
435.0,725.0,2573900.0
425.0,725.0,2538200.0
415.0,725.0,2640700.0
405.0,725.0,2743100.0
395.0,725.0,2845600.0
385.0,725.0,2948400.0
375.0,725.0,3051700.0
365.0,725.0,3155700.0
515.0,725.0,2824700.0
505.0,725.0,2798600.0
495.0,725.0,2770600.0
485.0,725.0,2740900.0
475.0,725.0,2709700.0
465.0,725.0,2677200.0
455.0,725.0,2643600.0
445.0,725.0,2609100.0
265.0,725.0,3056600.0
275.0,725.0,3175900.0
245.0,725.0,2809700.0
255.0,725.0,2934600.0
225.0,725.0,2685200.0
235.0,725.0,2681700.0
205.0,725.0,2704300.0
215.0,725.0,2692600.0
345.0,725.0,3952200.0
355.0,725.0,4057100.0
325.0,725.0,3738900.0
335.0,725.0,3846200.0
305.0,725.0,3519600.0
315.0,725.0,3630100.0
285.0,725.0,3292700.0
295.0,725.0,3407200.0
55.0,725.0,3215300.0
45.0,725.0,3300800.0
75.0,725.0,3069700.0
65.0,725.0,3136900.0
95.0,725.0,2955200.0
85.0,725.0,3009200.0
115.0,725.0,2874900.0
105.0,725.0,2912000.0
135.0,725.0,2818200.0
125.0,725.0,2843700.0
155.0,725.0,2783500.0
145.0,725.0,2798200.0
175.0,725.0,2769200.0
165.0,725.0,2773900.0
195.0,725.0,2720700.0
185.0,725.0,2742200.0
645.0,715.0,3574600.0
655.0,715.0,3736300.0
665.0,715.0,3899500.0
675.0,715.0,4063800.0
685.0,715.0,4228800.0
695.0,715.0,4394100.0
705.0,715.0,4559300.0
715.0,715.0,4724000.0
725.0,715.0,4887800.0
735.0,715.0,5050300.0
745.0,715.0,5211100.0
5.0,725.0,3734200.0
15.0,725.0,3614200.0
25.0,725.0,3502100.0
35.0,725.0,3397700.0
515.0,715.0,2686200.0
505.0,715.0,2660100.0
495.0,715.0,2632100.0
485.0,715.0,2602400.0
555.0,715.0,2767600.0
545.0,715.0,2751100.0
535.0,715.0,2731900.0
525.0,715.0,2710200.0
595.0,715.0,2802600.0
585.0,715.0,2798900.0
575.0,715.0,2791700.0
565.0,715.0,2781200.0
635.0,715.0,3414800.0
625.0,715.0,3257300.0
615.0,715.0,3102500.0
605.0,715.0,2950800.0
345.0,715.0,3876600.0
355.0,715.0,3975200.0
325.0,715.0,3675900.0
335.0,715.0,3776900.0
385.0,715.0,2916900.0
395.0,715.0,2820400.0
365.0,715.0,3111600.0
375.0,715.0,3013900.0
425.0,715.0,2531900.0
435.0,715.0,2435400.0
405.0,715.0,2724200.0
415.0,715.0,2628100.0
465.0,715.0,2538700.0
475.0,715.0,2571200.0
445.0,715.0,2470600.0
455.0,715.0,2505100.0
635.0,675.0,2854600.0
625.0,675.0,2715100.0
615.0,675.0,2577500.0
605.0,675.0,2442200.0
595.0,675.0,2309600.0
585.0,675.0,2305900.0
575.0,675.0,2298700.0
565.0,675.0,2288200.0
555.0,675.0,2274600.0
545.0,675.0,2258100.0
535.0,675.0,2238900.0
525.0,675.0,2217200.0
515.0,675.0,2193200.0
505.0,675.0,2167100.0
495.0,675.0,2139100.0
485.0,675.0,2109400.0
25.0,685.0,3206300.0
35.0,685.0,2983500.0
5.0,685.0,3675200.0
15.0,685.0,3436800.0
745.0,675.0,4400100.0
725.0,675.0,4129600.0
735.0,675.0,4266100.0
705.0,675.0,3850700.0
715.0,675.0,3991000.0
685.0,675.0,3566600.0
695.0,675.0,3709100.0
665.0,675.0,3280500.0
675.0,675.0,3423600.0
645.0,675.0,2995600.0
655.0,675.0,3137700.0
285.0,675.0,3108200.0
275.0,675.0,3015400.0
265.0,675.0,2920100.0
175.0,675.0,2053700.0
165.0,675.0,2058400.0
195.0,675.0,2166200.0
185.0,675.0,2049200.0
465.0,675.0,2154700.0
475.0,675.0,2078200.0
715.0,665.0,3822000.0
705.0,665.0,3687800.0
695.0,665.0,3552100.0
685.0,665.0,3415300.0
745.0,665.0,4211600.0
735.0,665.0,4084300.0
725.0,665.0,3954300.0
635.0,665.0,2728800.0
625.0,665.0,2593800.0
615.0,665.0,2460500.0
605.0,665.0,2329300.0
675.0,665.0,3277800.0
665.0,665.0,3140000.0
655.0,665.0,3002300.0
645.0,665.0,2865100.0
105.0,675.0,2218800.0
115.0,675.0,2172900.0
85.0,675.0,2333200.0
95.0,675.0,2270800.0
145.0,675.0,2082700.0
155.0,675.0,2068000.0
125.0,675.0,2137200.0
135.0,675.0,2107200.0
25.0,675.0,3189800.0
35.0,675.0,2972500.0
5.0,675.0,3647700.0
15.0,675.0,3414800.0
65.0,675.0,2477700.0
75.0,675.0,2402100.0
45.0,675.0,2762700.0
55.0,675.0,2560200.0
375.0,665.0,3735500.0
365.0,665.0,3667000.0
395.0,665.0,3871200.0
385.0,665.0,3803500.0
285.0,665.0,3097400.0
315.0,665.0,3320200.0
335.0,665.0,3456500.0
355.0,665.0,3597800.0
345.0,665.0,3527700.0
525.0,665.0,2108200.0
535.0,665.0,2129900.0
545.0,665.0,2149100.0
555.0,665.0,2165600.0
565.0,665.0,2179200.0
575.0,665.0,2189700.0
585.0,665.0,2196900.0
595.0,665.0,2200600.0
475.0,665.0,2072900.0
485.0,665.0,2000400.0
495.0,665.0,2030100.0
505.0,665.0,2058100.0
515.0,665.0,2084200.0
265.0,695.0,2965500.0
275.0,695.0,3066500.0
245.0,695.0,2755200.0
255.0,695.0,2861800.0
385.0,695.0,2839000.0
395.0,695.0,2754500.0
375.0,695.0,2924000.0
475.0,695.0,2312900.0
465.0,695.0,2280400.0
455.0,695.0,2246800.0
445.0,695.0,2332500.0
435.0,695.0,2417500.0
425.0,695.0,2502000.0
415.0,695.0,2586200.0
405.0,695.0,2670300.0
555.0,695.0,2509300.0
545.0,695.0,2492800.0
535.0,695.0,2473600.0
525.0,695.0,2451900.0
515.0,695.0,2427900.0
505.0,695.0,2401800.0
495.0,695.0,2373800.0
485.0,695.0,2344100.0
725.0,685.0,4310400.0
735.0,685.0,4453400.0
745.0,685.0,4594100.0
685.0,685.0,3723400.0
695.0,685.0,3871600.0
705.0,685.0,4019100.0
715.0,685.0,4165500.0
45.0,695.0,2892300.0
55.0,695.0,2802700.0
65.0,695.0,2720200.0
75.0,695.0,2644600.0
5.0,695.0,3698000.0
15.0,695.0,3453900.0
25.0,695.0,3217700.0
35.0,695.0,2989200.0
135.0,695.0,2371000.0
125.0,695.0,2396500.0
155.0,695.0,2336300.0
145.0,695.0,2351000.0
95.0,695.0,2521500.0
85.0,695.0,2579800.0
115.0,695.0,2432200.0
105.0,695.0,2473800.0
215.0,695.0,2416000.0
205.0,695.0,2295800.0
235.0,695.0,2645500.0
225.0,695.0,2532500.0
175.0,695.0,2322000.0
165.0,695.0,2326700.0
195.0,695.0,2299900.0
185.0,695.0,2308500.0
465.0,685.0,2160200.0
475.0,685.0,2192700.0
455.0,685.0,2241100.0
505.0,685.0,2281600.0
515.0,685.0,2307700.0
485.0,685.0,2223900.0
495.0,685.0,2253600.0
555.0,685.0,2389100.0
545.0,685.0,2372600.0
535.0,685.0,2353400.0
525.0,685.0,2331700.0
595.0,685.0,2424100.0
585.0,685.0,2420400.0
575.0,685.0,2413200.0
565.0,685.0,2402700.0
635.0,685.0,2985900.0
625.0,685.0,2841900.0
615.0,685.0,2700000.0
605.0,685.0,2560600.0
675.0,685.0,3574900.0
665.0,685.0,3426500.0
655.0,685.0,3278600.0
645.0,685.0,3131600.0
45.0,685.0,2768200.0
55.0,685.0,2678600.0
65.0,685.0,2596100.0
75.0,685.0,2520500.0
85.0,685.0,2451600.0
95.0,685.0,2393300.0
105.0,685.0,2341300.0
115.0,685.0,2299700.0
125.0,685.0,2264000.0
135.0,685.0,2234000.0
145.0,685.0,2214000.0
155.0,685.0,2199300.0
165.0,685.0,2189700.0
175.0,685.0,2185000.0
185.0,685.0,2176000.0
195.0,685.0,2171700.0
215.0,685.0,2404600.0
205.0,685.0,2290100.0
235.0,685.0,2622700.0
225.0,685.0,2515400.0
255.0,685.0,2827600.0
245.0,685.0,2726700.0
275.0,685.0,3020900.0
265.0,685.0,2925600.0
55.0,745.0,3532300.0
45.0,745.0,3613500.0
75.0,745.0,3391000.0
65.0,745.0,3458200.0
95.0,745.0,3285500.0
85.0,745.0,3335000.0
115.0,745.0,3205200.0
105.0,745.0,3242300.0
735.0,735.0,5479400.0
725.0,735.0,5303900.0
745.0,735.0,5653600.0
15.0,745.0,3918700.0
5.0,745.0,4038700.0
35.0,745.0,3706300.0
25.0,745.0,3806600.0
205.0,745.0,3008800.0
215.0,745.0,2989300.0
225.0,745.0,2974500.0
235.0,745.0,2964000.0
245.0,745.0,2957400.0
255.0,745.0,2954300.0
265.0,745.0,3089500.0
275.0,745.0,3222000.0
125.0,745.0,3174000.0
135.0,745.0,3148500.0
145.0,745.0,3128500.0
155.0,745.0,3113800.0
165.0,745.0,3104200.0
175.0,745.0,3099500.0
185.0,745.0,3063500.0
195.0,745.0,3033400.0
395.0,745.0,2878500.0
385.0,745.0,2994500.0
375.0,745.0,3111000.0
365.0,745.0,3228200.0
435.0,745.0,2870600.0
425.0,745.0,2834900.0
415.0,745.0,2798900.0
405.0,745.0,2762800.0
315.0,745.0,3729000.0
305.0,745.0,3605300.0
295.0,745.0,3479700.0
285.0,745.0,3352000.0
355.0,745.0,4208800.0
345.0,745.0,4090700.0
335.0,745.0,3971500.0
325.0,745.0,3851000.0
545.0,745.0,3186300.0
555.0,745.0,3202800.0
525.0,745.0,3145400.0
535.0,745.0,3167100.0
585.0,745.0,3234100.0
595.0,745.0,3237800.0
565.0,745.0,3216400.0
575.0,745.0,3226900.0
465.0,745.0,2973900.0
475.0,745.0,3006400.0
445.0,745.0,2905800.0
455.0,745.0,2940300.0
505.0,745.0,3095300.0
515.0,745.0,3121400.0
485.0,745.0,3037600.0
495.0,745.0,3067300.0
215.0,735.0,2837600.0
205.0,735.0,2853200.0
235.0,735.0,2819500.0
225.0,735.0,2826500.0
175.0,735.0,2931000.0
165.0,735.0,2935700.0
195.0,735.0,2873700.0
185.0,735.0,2899500.0
135.0,735.0,2980000.0
125.0,735.0,3005500.0
155.0,735.0,2945300.0
145.0,735.0,2960000.0
95.0,735.0,3117000.0
85.0,735.0,3166500.0
115.0,735.0,3036700.0
105.0,735.0,3073800.0
365.0,735.0,3194700.0
375.0,735.0,3084200.0
385.0,735.0,2974400.0
395.0,735.0,2865100.0
325.0,735.0,3797400.0
335.0,735.0,3911200.0
345.0,735.0,4023700.0
355.0,735.0,4135100.0
285.0,735.0,3325200.0
295.0,735.0,3446200.0
305.0,735.0,3565100.0
315.0,735.0,3682100.0
245.0,735.0,2816200.0
255.0,735.0,2947600.0
265.0,735.0,3076100.0
275.0,735.0,3201900.0
555.0,735.0,3051100.0
545.0,735.0,3034600.0
535.0,735.0,3015400.0
525.0,735.0,2993700.0
515.0,735.0,2969700.0
505.0,735.0,2943600.0
495.0,735.0,2915600.0
485.0,735.0,2885900.0
475.0,735.0,2854700.0
465.0,735.0,2822200.0
455.0,735.0,2788600.0
445.0,735.0,2754100.0
435.0,735.0,2718900.0
425.0,735.0,2683200.0
415.0,735.0,2647200.0
405.0,735.0,2756100.0
705.0,735.0,4950600.0
715.0,735.0,5127500.0
685.0,735.0,4596900.0
695.0,735.0,4773600.0
665.0,735.0,4246000.0
675.0,735.0,4420900.0
645.0,735.0,3901100.0
655.0,735.0,4072600.0
625.0,735.0,3565400.0
635.0,735.0,3731900.0
605.0,735.0,3242100.0
615.0,735.0,3402000.0
585.0,735.0,3082400.0
595.0,735.0,3086100.0
565.0,735.0,3064700.0
575.0,735.0,3075200.0
645.0,745.0,4074300.0
655.0,745.0,4250700.0
665.0,745.0,4429200.0
675.0,745.0,4609400.0
605.0,745.0,3397700.0
615.0,745.0,3561700.0
625.0,745.0,3729400.0
635.0,745.0,3900400.0
725.0,745.0,5521900.0
735.0,745.0,5703900.0
745.0,745.0,5884800.0
685.0,745.0,4790900.0
695.0,745.0,4973300.0
705.0,745.0,5156200.0
715.0,745.0,5339200.0